<DATE>	<TIME>	<OPEN>	<HIGH>	<LOW>	<CLOSE>	<TICKVOL>	<VOL>	<SPREAD>
2026.03.02	00:00:00	1.17722	1.17722	1.17648	1.17670	77	0	13
2026.03.02	00:05:00	1.17667	1.17707	1.17653	1.17670	83	0	0
2026.03.02	00:10:00	1.17670	1.17681	1.17643	1.17653	26	0	1
2026.03.02	00:15:00	1.17653	1.17659	1.17597	1.17597	88	0	0
2026.03.02	00:20:00	1.17597	1.17635	1.17593	1.17626	42	0	0
2026.03.02	00:25:00	1.17626	1.17646	1.17610	1.17619	27	0	0
2026.03.02	00:30:00	1.17619	1.17694	1.17614	1.17641	148	0	0
2026.03.02	00:35:00	1.17641	1.17655	1.17635	1.17635	76	0	8
2026.03.02	00:40:00	1.17635	1.17741	1.17626	1.17709	144	0	0
2026.03.02	00:45:00	1.17710	1.17732	1.17710	1.17730	75	0	9
2026.03.02	00:50:00	1.17754	1.17778	1.17726	1.17767	37	0	12
2026.03.02	00:55:00	1.17767	1.17771	1.17741	1.17758	30	0	0
2026.03.02	01:00:00	1.17758	1.17791	1.17655	1.17786	536	0	0
2026.03.02	01:05:00	1.17787	1.17876	1.17780	1.17854	363	0	0
2026.03.02	01:10:00	1.17854	1.17869	1.17754	1.17779	422	0	0
2026.03.02	01:15:00	1.17776	1.17788	1.17720	1.17731	582	0	0
2026.03.02	01:20:00	1.17731	1.17739	1.17673	1.17688	557	0	0
2026.03.02	01:25:00	1.17689	1.17722	1.17606	1.17628	603	0	0
2026.03.02	01:30:00	1.17629	1.17663	1.17577	1.17631	742	0	0
2026.03.02	01:35:00	1.17631	1.17650	1.17587	1.17615	618	0	0
2026.03.02	01:40:00	1.17615	1.17663	1.17609	1.17663	601	0	0
2026.03.02	01:45:00	1.17665	1.17675	1.17591	1.17593	519	0	0
2026.03.02	01:50:00	1.17596	1.17616	1.17570	1.17599	403	0	0
2026.03.02	01:55:00	1.17599	1.17609	1.17582	1.17592	347	0	0
2026.03.02	02:00:00	1.17588	1.17618	1.17561	1.17595	531	0	0
2026.03.02	02:05:00	1.17596	1.17673	1.17578	1.17664	503	0	0
2026.03.02	02:10:00	1.17664	1.17708	1.17663	1.17702	435	0	0
2026.03.02	02:15:00	1.17702	1.17760	1.17693	1.17724	432	0	0
2026.03.02	02:20:00	1.17723	1.17750	1.17717	1.17737	398	0	0
2026.03.02	02:25:00	1.17738	1.17749	1.17679	1.17704	416	0	0
2026.03.02	02:30:00	1.17705	1.17714	1.17656	1.17657	400	0	0
2026.03.02	02:35:00	1.17656	1.17693	1.17635	1.17693	404	0	0
2026.03.02	02:40:00	1.17693	1.17715	1.17684	1.17710	320	0	0
2026.03.02	02:45:00	1.17710	1.17722	1.17681	1.17686	369	0	0
2026.03.02	02:50:00	1.17687	1.17700	1.17669	1.17692	436	0	0
2026.03.02	02:55:00	1.17690	1.17781	1.17676	1.17774	411	0	0
2026.03.02	03:00:00	1.17774	1.17818	1.17753	1.17782	646	0	0
2026.03.02	03:05:00	1.17782	1.17815	1.17763	1.17811	515	0	0
2026.03.02	03:10:00	1.17812	1.17895	1.17811	1.17876	486	0	0
2026.03.02	03:15:00	1.17877	1.17890	1.17827	1.17830	481	0	0
2026.03.02	03:20:00	1.17830	1.17853	1.17808	1.17817	421	0	0
2026.03.02	03:25:00	1.17816	1.17852	1.17810	1.17851	469	0	0
2026.03.02	03:30:00	1.17851	1.17926	1.17835	1.17925	488	0	0
2026.03.02	03:35:00	1.17925	1.17942	1.17915	1.17929	380	0	0
2026.03.02	03:40:00	1.17930	1.17939	1.17895	1.17910	364	0	0
2026.03.02	03:45:00	1.17911	1.17922	1.17884	1.17907	378	0	0
2026.03.02	03:50:00	1.17909	1.17925	1.17880	1.17901	336	0	0
2026.03.02	03:55:00	1.17900	1.17927	1.17898	1.17920	297	0	0
2026.03.02	04:00:00	1.17920	1.17934	1.17885	1.17908	397	0	0
2026.03.02	04:05:00	1.17908	1.17909	1.17853	1.17867	428	0	0
2026.03.02	04:10:00	1.17867	1.17868	1.17844	1.17854	291	0	0
2026.03.02	04:15:00	1.17854	1.17857	1.17818	1.17819	272	0	0
2026.03.02	04:20:00	1.17819	1.17845	1.17809	1.17832	250	0	0
2026.03.02	04:25:00	1.17831	1.17842	1.17822	1.17836	262	0	0
2026.03.02	04:30:00	1.17837	1.17857	1.17832	1.17854	370	0	0
2026.03.02	04:35:00	1.17855	1.17878	1.17841	1.17875	291	0	0
2026.03.02	04:40:00	1.17875	1.17889	1.17860	1.17860	306	0	0
2026.03.02	04:45:00	1.17860	1.17878	1.17849	1.17849	224	0	0
2026.03.02	04:50:00	1.17850	1.17880	1.17849	1.17880	204	0	0
2026.03.02	04:55:00	1.17881	1.17894	1.17866	1.17887	257	0	0
2026.03.02	05:00:00	1.17888	1.17916	1.17883	1.17916	251	0	0
2026.03.02	05:05:00	1.17915	1.17942	1.17905	1.17907	216	0	0
2026.03.02	05:10:00	1.17907	1.17917	1.17897	1.17908	269	0	0
2026.03.02	05:15:00	1.17908	1.17919	1.17903	1.17919	209	0	0
2026.03.02	05:20:00	1.17919	1.17941	1.17919	1.17924	243	0	0
2026.03.02	05:25:00	1.17923	1.17959	1.17923	1.17941	235	0	0
2026.03.02	05:30:00	1.17941	1.17955	1.17916	1.17916	254	0	0
2026.03.02	05:35:00	1.17916	1.17928	1.17908	1.17915	223	0	0
2026.03.02	05:40:00	1.17916	1.17937	1.17907	1.17927	266	0	0
2026.03.02	05:45:00	1.17927	1.17934	1.17906	1.17921	154	0	0
2026.03.02	05:50:00	1.17920	1.17925	1.17907	1.17909	95	0	0
2026.03.02	05:55:00	1.17908	1.17909	1.17883	1.17889	135	0	0
2026.03.02	06:00:00	1.17889	1.17904	1.17887	1.17899	157	0	0
2026.03.02	06:05:00	1.17898	1.17900	1.17871	1.17873	90	0	0
2026.03.02	06:10:00	1.17874	1.17879	1.17872	1.17879	71	0	0
2026.03.02	06:15:00	1.17878	1.17888	1.17853	1.17853	142	0	0
2026.03.02	06:20:00	1.17852	1.17867	1.17834	1.17854	314	0	0
2026.03.02	06:25:00	1.17854	1.17871	1.17849	1.17869	144	0	0
2026.03.02	06:30:00	1.17869	1.17876	1.17859	1.17870	114	0	0
2026.03.02	06:35:00	1.17870	1.17878	1.17844	1.17848	176	0	0
2026.03.02	06:40:00	1.17848	1.17858	1.17828	1.17835	148	0	0
2026.03.02	06:45:00	1.17835	1.17839	1.17818	1.17837	133	0	0
2026.03.02	06:50:00	1.17836	1.17845	1.17826	1.17845	109	0	0
2026.03.02	06:55:00	1.17844	1.17865	1.17833	1.17864	101	0	0
2026.03.02	07:00:00	1.17860	1.17860	1.17815	1.17815	266	0	0
2026.03.02	07:05:00	1.17815	1.17818	1.17785	1.17791	278	0	0
2026.03.02	07:10:00	1.17791	1.17794	1.17756	1.17757	209	0	0
2026.03.02	07:15:00	1.17757	1.17765	1.17748	1.17764	157	0	0
2026.03.02	07:20:00	1.17764	1.17766	1.17743	1.17765	159	0	0
2026.03.02	07:25:00	1.17765	1.17774	1.17751	1.17755	203	0	0
2026.03.02	07:30:00	1.17756	1.17789	1.17755	1.17789	158	0	0
2026.03.02	07:35:00	1.17789	1.17793	1.17767	1.17769	229	0	0
2026.03.02	07:40:00	1.17770	1.17770	1.17736	1.17738	247	0	0
2026.03.02	07:45:00	1.17737	1.17740	1.17705	1.17709	295	0	0
2026.03.02	07:50:00	1.17709	1.17736	1.17709	1.17716	261	0	0
2026.03.02	07:55:00	1.17717	1.17719	1.17661	1.17664	287	0	0
2026.03.02	08:00:00	1.17665	1.17667	1.17565	1.17580	489	0	0
2026.03.02	08:05:00	1.17581	1.17612	1.17580	1.17599	470	0	0
2026.03.02	08:10:00	1.17597	1.17599	1.17532	1.17532	503	0	0
2026.03.02	08:15:00	1.17532	1.17548	1.17502	1.17528	431	0	0
2026.03.02	08:20:00	1.17528	1.17535	1.17410	1.17412	553	0	0
2026.03.02	08:25:00	1.17413	1.17445	1.17368	1.17408	501	0	0
2026.03.02	08:30:00	1.17408	1.17429	1.17377	1.17388	486	0	0
2026.03.02	08:35:00	1.17388	1.17431	1.17369	1.17370	546	0	0
2026.03.02	08:40:00	1.17371	1.17371	1.17314	1.17325	589	0	0
2026.03.02	08:45:00	1.17325	1.17390	1.17315	1.17388	614	0	0
2026.03.02	08:50:00	1.17388	1.17389	1.17315	1.17316	550	0	0
2026.03.02	08:55:00	1.17315	1.17334	1.17303	1.17323	427	0	0
2026.03.02	09:00:00	1.17324	1.17343	1.17250	1.17260	753	0	0
2026.03.02	09:05:00	1.17260	1.17273	1.17222	1.17235	704	0	0
2026.03.02	09:10:00	1.17235	1.17288	1.17227	1.17247	693	0	0
2026.03.02	09:15:00	1.17247	1.17278	1.17174	1.17194	729	0	0
2026.03.02	09:20:00	1.17193	1.17260	1.17160	1.17260	570	0	0
2026.03.02	09:25:00	1.17260	1.17272	1.17219	1.17229	373	0	0
2026.03.02	09:30:00	1.17229	1.17275	1.17199	1.17203	382	0	0
2026.03.02	09:35:00	1.17203	1.17245	1.17124	1.17169	546	0	0
2026.03.02	09:40:00	1.17169	1.17181	1.17125	1.17154	493	0	0
2026.03.02	09:45:00	1.17154	1.17155	1.17079	1.17081	474	0	0
2026.03.02	09:50:00	1.17078	1.17115	1.17034	1.17110	534	0	0
2026.03.02	09:55:00	1.17110	1.17170	1.17100	1.17162	481	0	0
2026.03.02	10:00:00	1.17163	1.17234	1.17156	1.17157	646	0	0
2026.03.02	10:05:00	1.17157	1.17167	1.17105	1.17145	550	0	0
2026.03.02	10:10:00	1.17146	1.17176	1.17116	1.17151	473	0	0
2026.03.02	10:15:00	1.17149	1.17162	1.17091	1.17106	529	0	0
2026.03.02	10:20:00	1.17105	1.17110	1.17037	1.17042	495	0	0
2026.03.02	10:25:00	1.17040	1.17065	1.17018	1.17021	463	0	0
2026.03.02	10:30:00	1.17022	1.17041	1.16982	1.17036	478	0	0
2026.03.02	10:35:00	1.17036	1.17045	1.16983	1.17012	433	0	0
2026.03.02	10:40:00	1.17013	1.17140	1.16994	1.17115	473	0	0
2026.03.02	10:45:00	1.17115	1.17190	1.17106	1.17175	477	0	0
2026.03.02	10:50:00	1.17174	1.17238	1.17174	1.17236	338	0	0
2026.03.02	10:55:00	1.17236	1.17237	1.17214	1.17227	322	0	0
2026.03.02	11:00:00	1.17226	1.17315	1.17213	1.17309	411	0	0
2026.03.02	11:05:00	1.17308	1.17374	1.17308	1.17346	490	0	0
2026.03.02	11:10:00	1.17346	1.17399	1.17346	1.17398	433	0	0
2026.03.02	11:15:00	1.17403	1.17438	1.17373	1.17414	346	0	0
2026.03.02	11:20:00	1.17414	1.17419	1.17367	1.17367	518	0	0
2026.03.02	11:25:00	1.17367	1.17391	1.17334	1.17373	396	0	0
2026.03.02	11:30:00	1.17372	1.17424	1.17366	1.17396	329	0	0
2026.03.02	11:35:00	1.17397	1.17412	1.17372	1.17372	434	0	0
2026.03.02	11:40:00	1.17372	1.17393	1.17340	1.17388	381	0	0
2026.03.02	11:45:00	1.17387	1.17397	1.17352	1.17389	437	0	0
2026.03.02	11:50:00	1.17390	1.17395	1.17314	1.17327	470	0	0
2026.03.02	11:55:00	1.17327	1.17357	1.17321	1.17331	334	0	0
2026.03.02	12:00:00	1.17331	1.17398	1.17330	1.17368	403	0	0
2026.03.02	12:05:00	1.17368	1.17373	1.17329	1.17357	292	0	0
2026.03.02	12:10:00	1.17356	1.17372	1.17330	1.17351	315	0	0
2026.03.02	12:15:00	1.17351	1.17439	1.17346	1.17435	240	0	0
2026.03.02	12:20:00	1.17435	1.17473	1.17427	1.17456	311	0	0
2026.03.02	12:25:00	1.17456	1.17467	1.17441	1.17455	232	0	0
2026.03.02	12:30:00	1.17456	1.17469	1.17436	1.17439	211	0	0
2026.03.02	12:35:00	1.17438	1.17454	1.17401	1.17433	307	0	0
2026.03.02	12:40:00	1.17429	1.17457	1.17415	1.17455	304	0	0
2026.03.02	12:45:00	1.17455	1.17462	1.17393	1.17405	349	0	0
2026.03.02	12:50:00	1.17404	1.17404	1.17363	1.17374	294	0	0
2026.03.02	12:55:00	1.17374	1.17388	1.17351	1.17387	334	0	0
2026.03.02	13:00:00	1.17387	1.17399	1.17343	1.17353	315	0	0
2026.03.02	13:05:00	1.17353	1.17374	1.17322	1.17344	281	0	0
2026.03.02	13:10:00	1.17344	1.17345	1.17323	1.17340	203	0	0
2026.03.02	13:15:00	1.17340	1.17343	1.17287	1.17298	223	0	0
2026.03.02	13:20:00	1.17298	1.17303	1.17272	1.17299	288	0	0
2026.03.02	13:25:00	1.17301	1.17332	1.17272	1.17276	310	0	0
2026.03.02	13:30:00	1.17277	1.17304	1.17263	1.17302	231	0	0
2026.03.02	13:35:00	1.17302	1.17344	1.17302	1.17336	248	0	0
2026.03.02	13:40:00	1.17336	1.17344	1.17318	1.17338	193	0	0
2026.03.02	13:45:00	1.17338	1.17413	1.17327	1.17403	262	0	0
2026.03.02	13:50:00	1.17403	1.17405	1.17354	1.17354	275	0	0
2026.03.02	13:55:00	1.17354	1.17367	1.17320	1.17334	351	0	0
2026.03.02	14:00:00	1.17334	1.17340	1.17301	1.17328	409	0	0
2026.03.02	14:05:00	1.17328	1.17335	1.17267	1.17269	372	0	0
2026.03.02	14:10:00	1.17269	1.17284	1.17248	1.17253	313	0	0
2026.03.02	14:15:00	1.17253	1.17264	1.17190	1.17194	440	0	0
2026.03.02	14:20:00	1.17194	1.17224	1.17176	1.17209	435	0	0
2026.03.02	14:25:00	1.17209	1.17236	1.17192	1.17197	298	0	0
2026.03.02	14:30:00	1.17197	1.17204	1.17177	1.17198	354	0	0
2026.03.02	14:35:00	1.17201	1.17216	1.17167	1.17199	313	0	0
2026.03.02	14:40:00	1.17199	1.17209	1.17132	1.17138	371	0	0
2026.03.02	14:45:00	1.17139	1.17145	1.17051	1.17086	488	0	0
2026.03.02	14:50:00	1.17087	1.17090	1.17059	1.17064	387	0	0
2026.03.02	14:55:00	1.17063	1.17063	1.17021	1.17038	433	0	0
2026.03.02	15:00:00	1.17037	1.17100	1.17034	1.17034	520	0	0
2026.03.02	15:05:00	1.17037	1.17041	1.16970	1.16978	493	0	0
2026.03.02	15:10:00	1.16977	1.17067	1.16972	1.17055	526	0	0
2026.03.02	15:15:00	1.17055	1.17120	1.17055	1.17112	509	0	0
2026.03.02	15:20:00	1.17112	1.17135	1.17088	1.17124	566	0	0
2026.03.02	15:25:00	1.17123	1.17184	1.17118	1.17159	552	0	0
2026.03.02	15:30:00	1.17159	1.17160	1.17088	1.17092	411	0	0
2026.03.02	15:35:00	1.17093	1.17103	1.17021	1.17039	472	0	0
2026.03.02	15:40:00	1.17039	1.17065	1.17005	1.17024	381	0	0
2026.03.02	15:45:00	1.17023	1.17091	1.17020	1.17044	429	0	0
2026.03.02	15:50:00	1.17044	1.17047	1.16997	1.16998	379	0	0
2026.03.02	15:55:00	1.17000	1.17009	1.16956	1.16986	429	0	0
2026.03.02	16:00:00	1.16985	1.16996	1.16950	1.16974	544	0	0
2026.03.02	16:05:00	1.16974	1.17114	1.16974	1.17089	671	0	0
2026.03.02	16:10:00	1.17089	1.17089	1.17031	1.17033	445	0	0
2026.03.02	16:15:00	1.17033	1.17076	1.16988	1.17071	385	0	0
2026.03.02	16:20:00	1.17071	1.17099	1.17024	1.17048	435	0	0
2026.03.02	16:25:00	1.17048	1.17072	1.17032	1.17047	496	0	0
2026.03.02	16:30:00	1.17047	1.17158	1.17022	1.17155	746	0	0
2026.03.02	16:35:00	1.17155	1.17195	1.17142	1.17148	788	0	0
2026.03.02	16:40:00	1.17148	1.17194	1.17142	1.17175	649	0	0
2026.03.02	16:45:00	1.17175	1.17195	1.17152	1.17188	600	0	0
2026.03.02	16:50:00	1.17188	1.17239	1.17171	1.17198	697	0	0
2026.03.02	16:55:00	1.17198	1.17219	1.17141	1.17173	588	0	0
2026.03.02	17:00:00	1.17170	1.17170	1.17102	1.17159	870	0	0
2026.03.02	17:05:00	1.17161	1.17162	1.17085	1.17093	841	0	0
2026.03.02	17:10:00	1.17094	1.17120	1.17061	1.17063	671	0	0
2026.03.02	17:15:00	1.17063	1.17070	1.17031	1.17044	668	0	0
2026.03.02	17:20:00	1.17043	1.17057	1.17011	1.17039	627	0	0
2026.03.02	17:25:00	1.17038	1.17062	1.17017	1.17022	456	0	0
2026.03.02	17:30:00	1.17021	1.17053	1.17015	1.17041	509	0	0
2026.03.02	17:35:00	1.17041	1.17041	1.16924	1.16932	666	0	0
2026.03.02	17:40:00	1.16932	1.16986	1.16929	1.16962	466	0	0
2026.03.02	17:45:00	1.16961	1.16962	1.16881	1.16933	532	0	0
2026.03.02	17:50:00	1.16933	1.16933	1.16860	1.16883	579	0	0
2026.03.02	17:55:00	1.16880	1.16887	1.16799	1.16802	677	0	0
2026.03.02	18:00:00	1.16802	1.16810	1.16763	1.16792	595	0	0
2026.03.02	18:05:00	1.16792	1.16800	1.16754	1.16763	528	0	0
2026.03.02	18:10:00	1.16764	1.16798	1.16753	1.16789	409	0	0
2026.03.02	18:15:00	1.16790	1.16797	1.16729	1.16731	475	0	0
2026.03.02	18:20:00	1.16731	1.16797	1.16718	1.16793	481	0	0
2026.03.02	18:25:00	1.16793	1.16834	1.16793	1.16818	418	0	0
2026.03.02	18:30:00	1.16820	1.16831	1.16744	1.16799	532	0	0
2026.03.02	18:35:00	1.16801	1.16834	1.16774	1.16793	556	0	0
2026.03.02	18:40:00	1.16794	1.16874	1.16793	1.16852	442	0	0
2026.03.02	18:45:00	1.16855	1.16879	1.16847	1.16868	406	0	0
2026.03.02	18:50:00	1.16868	1.16909	1.16868	1.16879	463	0	0
2026.03.02	18:55:00	1.16879	1.16943	1.16871	1.16897	476	0	0
2026.03.02	19:00:00	1.16897	1.16916	1.16867	1.16915	417	0	0
2026.03.02	19:05:00	1.16915	1.16959	1.16911	1.16950	315	0	0
2026.03.02	19:10:00	1.16948	1.16993	1.16941	1.16984	396	0	0
2026.03.02	19:15:00	1.16984	1.17002	1.16962	1.16982	267	0	0
2026.03.02	19:20:00	1.16982	1.17045	1.16982	1.17023	329	0	0
2026.03.02	19:25:00	1.17023	1.17024	1.16969	1.16991	432	0	0
2026.03.02	19:30:00	1.16991	1.16998	1.16958	1.16967	353	0	0
2026.03.02	19:35:00	1.16967	1.16978	1.16943	1.16958	253	0	0
2026.03.02	19:40:00	1.16958	1.16999	1.16958	1.16983	296	0	0
2026.03.02	19:45:00	1.16982	1.16983	1.16947	1.16973	326	0	0
2026.03.02	19:50:00	1.16973	1.17048	1.16972	1.17042	283	0	0
2026.03.02	19:55:00	1.17042	1.17079	1.17031	1.17072	228	0	0
2026.03.02	20:00:00	1.17072	1.17074	1.16985	1.16994	363	0	0
2026.03.02	20:05:00	1.16994	1.17002	1.16972	1.16995	208	0	0
2026.03.02	20:10:00	1.16995	1.17030	1.16979	1.17023	222	0	0
2026.03.02	20:15:00	1.17023	1.17030	1.16954	1.16977	268	0	0
2026.03.02	20:20:00	1.16977	1.16977	1.16935	1.16941	217	0	0
2026.03.02	20:25:00	1.16940	1.16948	1.16921	1.16933	228	0	0
2026.03.02	20:30:00	1.16933	1.16957	1.16917	1.16918	200	0	0
2026.03.02	20:35:00	1.16918	1.16925	1.16873	1.16879	232	0	0
2026.03.02	20:40:00	1.16879	1.16886	1.16869	1.16877	158	0	0
2026.03.02	20:45:00	1.16877	1.16939	1.16873	1.16938	208	0	0
2026.03.02	20:50:00	1.16938	1.16947	1.16917	1.16945	206	0	0
2026.03.02	20:55:00	1.16944	1.16959	1.16932	1.16946	226	0	0
2026.03.02	21:00:00	1.16946	1.16987	1.16940	1.16979	224	0	0
2026.03.02	21:05:00	1.16978	1.17009	1.16965	1.17008	289	0	0
2026.03.02	21:10:00	1.17008	1.17027	1.17007	1.17021	246	0	0
2026.03.02	21:15:00	1.17021	1.17030	1.17014	1.17029	208	0	0
2026.03.02	21:20:00	1.17029	1.17050	1.17023	1.17047	201	0	0
2026.03.02	21:25:00	1.17047	1.17086	1.17046	1.17085	278	0	0
2026.03.02	21:30:00	1.17085	1.17113	1.17067	1.17109	260	0	0
2026.03.02	21:35:00	1.17109	1.17125	1.17094	1.17097	217	0	0
2026.03.02	21:40:00	1.17097	1.17129	1.17086	1.17110	216	0	0
2026.03.02	21:45:00	1.17109	1.17132	1.17095	1.17126	256	0	0
2026.03.02	21:50:00	1.17126	1.17135	1.17102	1.17122	221	0	0
2026.03.02	21:55:00	1.17118	1.17133	1.17111	1.17112	220	0	0
2026.03.02	22:00:00	1.17114	1.17133	1.17074	1.17082	231	0	0
2026.03.02	22:05:00	1.17082	1.17085	1.16882	1.16910	810	0	0
2026.03.02	22:10:00	1.16911	1.16917	1.16794	1.16801	942	0	0
2026.03.02	22:15:00	1.16801	1.16899	1.16786	1.16863	845	0	0
2026.03.02	22:20:00	1.16864	1.16882	1.16806	1.16854	622	0	0
2026.03.02	22:25:00	1.16854	1.16871	1.16803	1.16811	417	0	0
2026.03.02	22:30:00	1.16812	1.16857	1.16789	1.16837	437	0	0
2026.03.02	22:35:00	1.16837	1.16912	1.16828	1.16906	317	0	0
2026.03.02	22:40:00	1.16906	1.16923	1.16896	1.16919	283	0	0
2026.03.02	22:45:00	1.16919	1.16929	1.16860	1.16872	303	0	0
2026.03.02	22:50:00	1.16872	1.16914	1.16866	1.16908	348	0	0
2026.03.02	22:55:00	1.16900	1.16927	1.16895	1.16902	303	0	0
2026.03.02	23:00:00	1.16902	1.16926	1.16891	1.16917	231	0	0
2026.03.02	23:05:00	1.16917	1.16947	1.16916	1.16922	128	0	0
2026.03.02	23:10:00	1.16922	1.16925	1.16904	1.16922	112	0	0
2026.03.02	23:15:00	1.16923	1.16939	1.16921	1.16925	106	0	0
2026.03.02	23:20:00	1.16924	1.16952	1.16914	1.16948	93	0	0
2026.03.02	23:25:00	1.16947	1.16953	1.16936	1.16940	73	0	0
2026.03.02	23:30:00	1.16940	1.16940	1.16908	1.16908	105	0	0
2026.03.02	23:35:00	1.16908	1.16929	1.16908	1.16914	94	0	0
2026.03.02	23:40:00	1.16914	1.16921	1.16907	1.16921	55	0	0
2026.03.02	23:45:00	1.16923	1.16925	1.16899	1.16907	103	0	0
2026.03.02	23:50:00	1.16906	1.16911	1.16900	1.16907	106	0	0
2026.03.02	23:55:00	1.16906	1.16907	1.16867	1.16867	140	0	0
2026.03.03	00:00:00	1.16867	1.16888	1.16818	1.16860	43	0	8
2026.03.03	00:05:00	1.16860	1.16863	1.16850	1.16850	11	0	17
2026.03.03	00:10:00	1.16849	1.16858	1.16846	1.16857	35	0	3
2026.03.03	00:15:00	1.16857	1.16869	1.16852	1.16869	60	0	25
2026.03.03	00:20:00	1.16866	1.16894	1.16866	1.16873	26	0	1
2026.03.03	00:25:00	1.16865	1.16886	1.16848	1.16877	55	0	11
2026.03.03	00:30:00	1.16877	1.16887	1.16863	1.16865	94	0	5
2026.03.03	00:35:00	1.16866	1.16905	1.16862	1.16899	55	0	0
2026.03.03	00:40:00	1.16900	1.16910	1.16900	1.16910	22	0	5
2026.03.03	00:45:00	1.16886	1.16888	1.16860	1.16860	36	0	13
2026.03.03	00:50:00	1.16860	1.16871	1.16855	1.16863	38	0	21
2026.03.03	00:55:00	1.16864	1.16867	1.16857	1.16860	26	0	18
2026.03.03	01:00:00	1.16860	1.16918	1.16860	1.16909	182	0	0
2026.03.03	01:05:00	1.16909	1.16939	1.16909	1.16934	139	0	0
2026.03.03	01:10:00	1.16934	1.16953	1.16931	1.16948	108	0	0
2026.03.03	01:15:00	1.16949	1.16972	1.16948	1.16970	140	0	0
2026.03.03	01:20:00	1.16971	1.16979	1.16967	1.16979	175	0	0
2026.03.03	01:25:00	1.16979	1.16981	1.16969	1.16969	82	0	0
2026.03.03	01:30:00	1.16969	1.16974	1.16958	1.16971	162	0	0
2026.03.03	01:35:00	1.16971	1.16978	1.16961	1.16961	85	0	0
2026.03.03	01:40:00	1.16960	1.16974	1.16960	1.16969	141	0	0
2026.03.03	01:45:00	1.16969	1.16975	1.16958	1.16974	89	0	0
2026.03.03	01:50:00	1.16974	1.16983	1.16963	1.16968	106	0	0
2026.03.03	01:55:00	1.16968	1.16969	1.16944	1.16945	153	0	0
2026.03.03	02:00:00	1.16947	1.16948	1.16893	1.16906	305	0	0
2026.03.03	02:05:00	1.16906	1.16915	1.16888	1.16915	170	0	0
2026.03.03	02:10:00	1.16914	1.16935	1.16897	1.16901	158	0	0
2026.03.03	02:15:00	1.16901	1.16905	1.16884	1.16905	168	0	0
2026.03.03	02:20:00	1.16905	1.16927	1.16900	1.16923	139	0	0
2026.03.03	02:25:00	1.16923	1.16923	1.16904	1.16914	142	0	0
2026.03.03	02:30:00	1.16915	1.16918	1.16903	1.16905	121	0	0
2026.03.03	02:35:00	1.16905	1.16905	1.16865	1.16869	177	0	0
2026.03.03	02:40:00	1.16867	1.16904	1.16867	1.16904	162	0	0
2026.03.03	02:45:00	1.16904	1.16945	1.16904	1.16941	119	0	0
2026.03.03	02:50:00	1.16940	1.16947	1.16920	1.16927	226	0	0
2026.03.03	02:55:00	1.16926	1.16957	1.16912	1.16953	245	0	0
2026.03.03	03:00:00	1.16954	1.16968	1.16924	1.16968	272	0	0
2026.03.03	03:05:00	1.16966	1.16973	1.16947	1.16963	244	0	0
2026.03.03	03:10:00	1.16962	1.16970	1.16952	1.16969	182	0	0
2026.03.03	03:15:00	1.16969	1.17001	1.16958	1.16996	292	0	0
2026.03.03	03:20:00	1.16996	1.17065	1.16994	1.17060	290	0	0
2026.03.03	03:25:00	1.17060	1.17069	1.17028	1.17029	282	0	0
2026.03.03	03:30:00	1.17029	1.17058	1.17013	1.17044	317	0	0
2026.03.03	03:35:00	1.17045	1.17067	1.17038	1.17047	259	0	0
2026.03.03	03:40:00	1.17047	1.17048	1.17002	1.17004	229	0	0
2026.03.03	03:45:00	1.17004	1.17029	1.16996	1.17001	285	0	0
2026.03.03	03:50:00	1.17000	1.17017	1.16991	1.16995	347	0	0
2026.03.03	03:55:00	1.16995	1.16997	1.16968	1.16970	338	0	0
2026.03.03	04:00:00	1.16969	1.16969	1.16903	1.16957	529	0	0
2026.03.03	04:05:00	1.16958	1.16960	1.16930	1.16932	348	0	0
2026.03.03	04:10:00	1.16931	1.16942	1.16900	1.16914	327	0	0
2026.03.03	04:15:00	1.16914	1.16923	1.16872	1.16882	320	0	0
2026.03.03	04:20:00	1.16882	1.16910	1.16859	1.16910	272	0	0
2026.03.03	04:25:00	1.16910	1.16955	1.16904	1.16944	267	0	0
2026.03.03	04:30:00	1.16945	1.16978	1.16924	1.16971	315	0	0
2026.03.03	04:35:00	1.16971	1.16988	1.16955	1.16970	274	0	0
2026.03.03	04:40:00	1.16971	1.16990	1.16953	1.16953	305	0	0
2026.03.03	04:45:00	1.16953	1.16968	1.16943	1.16953	290	0	0
2026.03.03	04:50:00	1.16954	1.16963	1.16939	1.16960	207	0	0
2026.03.03	04:55:00	1.16959	1.16967	1.16937	1.16944	187	0	0
2026.03.03	05:00:00	1.16947	1.16976	1.16946	1.16959	195	0	0
2026.03.03	05:05:00	1.16959	1.16960	1.16928	1.16931	139	0	0
2026.03.03	05:10:00	1.16930	1.16938	1.16902	1.16909	199	0	0
2026.03.03	05:15:00	1.16909	1.16931	1.16907	1.16918	115	0	0
2026.03.03	05:20:00	1.16918	1.16918	1.16881	1.16888	130	0	0
2026.03.03	05:25:00	1.16890	1.16890	1.16868	1.16871	137	0	0
2026.03.03	05:30:00	1.16871	1.16907	1.16864	1.16901	177	0	0
2026.03.03	05:35:00	1.16903	1.16929	1.16899	1.16926	176	0	0
2026.03.03	05:40:00	1.16926	1.16939	1.16921	1.16933	187	0	0
2026.03.03	05:45:00	1.16934	1.16940	1.16913	1.16914	141	0	0
2026.03.03	05:50:00	1.16914	1.16914	1.16897	1.16908	154	0	0
2026.03.03	05:55:00	1.16908	1.16921	1.16902	1.16904	150	0	0
2026.03.03	06:00:00	1.16905	1.16924	1.16902	1.16923	139	0	0
2026.03.03	06:05:00	1.16921	1.16935	1.16912	1.16921	139	0	0
2026.03.03	06:10:00	1.16922	1.16923	1.16883	1.16891	209	0	0
2026.03.03	06:15:00	1.16890	1.16906	1.16877	1.16904	140	0	0
2026.03.03	06:20:00	1.16906	1.16932	1.16906	1.16916	134	0	0
2026.03.03	06:25:00	1.16916	1.16928	1.16900	1.16903	114	0	0
2026.03.03	06:30:00	1.16903	1.16915	1.16892	1.16893	148	0	0
2026.03.03	06:35:00	1.16894	1.16898	1.16867	1.16871	148	0	0
2026.03.03	06:40:00	1.16872	1.16881	1.16863	1.16864	122	0	0
2026.03.03	06:45:00	1.16864	1.16868	1.16817	1.16819	229	0	0
2026.03.03	06:50:00	1.16819	1.16824	1.16803	1.16819	236	0	0
2026.03.03	06:55:00	1.16818	1.16829	1.16793	1.16812	225	0	0
2026.03.03	07:00:00	1.16812	1.16849	1.16797	1.16817	248	0	0
2026.03.03	07:05:00	1.16818	1.16850	1.16801	1.16844	190	0	0
2026.03.03	07:10:00	1.16843	1.16848	1.16789	1.16795	252	0	0
2026.03.03	07:15:00	1.16795	1.16806	1.16757	1.16798	278	0	0
2026.03.03	07:20:00	1.16801	1.16821	1.16798	1.16806	204	0	0
2026.03.03	07:25:00	1.16811	1.16819	1.16779	1.16803	217	0	0
2026.03.03	07:30:00	1.16803	1.16816	1.16747	1.16748	291	0	0
2026.03.03	07:35:00	1.16749	1.16753	1.16702	1.16705	391	0	0
2026.03.03	07:40:00	1.16703	1.16705	1.16670	1.16694	474	0	0
2026.03.03	07:45:00	1.16694	1.16703	1.16653	1.16680	389	0	0
2026.03.03	07:50:00	1.16679	1.16703	1.16656	1.16666	378	0	0
2026.03.03	07:55:00	1.16665	1.16687	1.16651	1.16667	318	0	0
2026.03.03	08:00:00	1.16667	1.16679	1.16628	1.16632	393	0	0
2026.03.03	08:05:00	1.16633	1.16674	1.16622	1.16672	429	0	0
2026.03.03	08:10:00	1.16672	1.16674	1.16638	1.16653	398	0	0
2026.03.03	08:15:00	1.16653	1.16667	1.16647	1.16653	296	0	0
2026.03.03	08:20:00	1.16653	1.16683	1.16651	1.16676	331	0	0
2026.03.03	08:25:00	1.16677	1.16706	1.16659	1.16684	351	0	0
2026.03.03	08:30:00	1.16683	1.16693	1.16641	1.16642	371	0	0
2026.03.03	08:35:00	1.16643	1.16662	1.16621	1.16661	415	0	0
2026.03.03	08:40:00	1.16661	1.16682	1.16655	1.16658	281	0	0
2026.03.03	08:45:00	1.16659	1.16666	1.16640	1.16656	365	0	0
2026.03.03	08:50:00	1.16656	1.16705	1.16656	1.16700	249	0	0
2026.03.03	08:55:00	1.16700	1.16717	1.16688	1.16692	284	0	0
2026.03.03	09:00:00	1.16692	1.16692	1.16612	1.16649	411	0	0
2026.03.03	09:05:00	1.16649	1.16664	1.16592	1.16602	428	0	0
2026.03.03	09:10:00	1.16602	1.16634	1.16582	1.16623	238	0	0
2026.03.03	09:15:00	1.16623	1.16680	1.16617	1.16674	287	0	0
2026.03.03	09:20:00	1.16674	1.16684	1.16618	1.16624	247	0	0
2026.03.03	09:25:00	1.16624	1.16631	1.16552	1.16573	389	0	0
2026.03.03	09:30:00	1.16573	1.16575	1.16534	1.16535	525	0	0
2026.03.03	09:35:00	1.16536	1.16548	1.16509	1.16517	407	0	0
2026.03.03	09:40:00	1.16517	1.16528	1.16452	1.16528	508	0	0
2026.03.03	09:45:00	1.16532	1.16574	1.16487	1.16487	430	0	0
2026.03.03	09:50:00	1.16487	1.16507	1.16451	1.16497	474	0	0
2026.03.03	09:55:00	1.16497	1.16513	1.16427	1.16437	503	0	0
2026.03.03	10:00:00	1.16438	1.16458	1.16410	1.16411	681	0	0
2026.03.03	10:05:00	1.16411	1.16462	1.16379	1.16443	594	0	0
2026.03.03	10:10:00	1.16443	1.16451	1.16322	1.16331	619	0	0
2026.03.03	10:15:00	1.16332	1.16366	1.16298	1.16347	522	0	0
2026.03.03	10:20:00	1.16347	1.16374	1.16309	1.16309	499	0	0
2026.03.03	10:25:00	1.16309	1.16350	1.16293	1.16294	543	0	0
2026.03.03	10:30:00	1.16292	1.16384	1.16291	1.16304	547	0	0
2026.03.03	10:35:00	1.16305	1.16332	1.16258	1.16271	529	0	0
2026.03.03	10:40:00	1.16269	1.16290	1.16213	1.16236	612	0	0
2026.03.03	10:45:00	1.16237	1.16280	1.16185	1.16187	637	0	0
2026.03.03	10:50:00	1.16186	1.16255	1.16178	1.16241	617	0	0
2026.03.03	10:55:00	1.16239	1.16244	1.16209	1.16229	535	0	0
2026.03.03	11:00:00	1.16229	1.16289	1.16225	1.16249	608	0	0
2026.03.03	11:05:00	1.16246	1.16288	1.16199	1.16280	604	0	0
2026.03.03	11:10:00	1.16276	1.16291	1.16233	1.16285	571	0	0
2026.03.03	11:15:00	1.16285	1.16287	1.16214	1.16239	552	0	0
2026.03.03	11:20:00	1.16239	1.16250	1.16119	1.16178	635	0	0
2026.03.03	11:25:00	1.16179	1.16185	1.16133	1.16160	609	0	0
2026.03.03	11:30:00	1.16159	1.16171	1.16103	1.16105	594	0	0
2026.03.03	11:35:00	1.16105	1.16144	1.16067	1.16137	597	0	0
2026.03.03	11:40:00	1.16137	1.16148	1.16060	1.16063	544	0	0
2026.03.03	11:45:00	1.16064	1.16073	1.16002	1.16008	596	0	0
2026.03.03	11:50:00	1.16009	1.16037	1.15989	1.16033	629	0	0
2026.03.03	11:55:00	1.16033	1.16085	1.16013	1.16053	578	0	0
2026.03.03	12:00:00	1.16055	1.16129	1.16039	1.16119	522	0	0
2026.03.03	12:05:00	1.16118	1.16126	1.16029	1.16033	445	0	0
2026.03.03	12:10:00	1.16033	1.16043	1.16001	1.16018	463	0	0
2026.03.03	12:15:00	1.16018	1.16041	1.15997	1.16010	512	0	0
2026.03.03	12:20:00	1.16010	1.16090	1.16009	1.16050	455	0	0
2026.03.03	12:25:00	1.16050	1.16064	1.16013	1.16023	329	0	0
2026.03.03	12:30:00	1.16023	1.16044	1.16008	1.16028	353	0	0
2026.03.03	12:35:00	1.16027	1.16034	1.15892	1.15928	573	0	0
2026.03.03	12:40:00	1.15928	1.15999	1.15927	1.15990	571	0	0
2026.03.03	12:45:00	1.15990	1.16049	1.15967	1.16044	445	0	0
2026.03.03	12:50:00	1.16044	1.16044	1.15989	1.16019	485	0	0
2026.03.03	12:55:00	1.16015	1.16016	1.15910	1.15919	502	0	0
2026.03.03	13:00:00	1.15919	1.15956	1.15891	1.15944	603	0	0
2026.03.03	13:05:00	1.15944	1.16001	1.15866	1.15878	541	0	0
2026.03.03	13:10:00	1.15878	1.15884	1.15852	1.15868	489	0	0
2026.03.03	13:15:00	1.15868	1.15881	1.15823	1.15825	522	0	0
2026.03.03	13:20:00	1.15825	1.15902	1.15821	1.15884	573	0	0
2026.03.03	13:25:00	1.15884	1.15920	1.15832	1.15833	639	0	0
2026.03.03	13:30:00	1.15834	1.15867	1.15832	1.15833	507	0	0
2026.03.03	13:35:00	1.15834	1.15937	1.15830	1.15934	630	0	0
2026.03.03	13:40:00	1.15935	1.15966	1.15919	1.15945	561	0	0
2026.03.03	13:45:00	1.15945	1.16020	1.15943	1.16006	588	0	0
2026.03.03	13:50:00	1.16005	1.16036	1.16001	1.16019	515	0	0
2026.03.03	13:55:00	1.16019	1.16020	1.15945	1.15974	463	0	0
2026.03.03	14:00:00	1.15974	1.15976	1.15903	1.15914	522	0	0
2026.03.03	14:05:00	1.15914	1.16002	1.15903	1.15995	553	0	0
2026.03.03	14:10:00	1.15995	1.16035	1.15989	1.15993	474	0	0
2026.03.03	14:15:00	1.15993	1.16039	1.15952	1.16031	475	0	0
2026.03.03	14:20:00	1.16031	1.16124	1.16028	1.16065	592	0	0
2026.03.03	14:25:00	1.16065	1.16102	1.16032	1.16032	453	0	0
2026.03.03	14:30:00	1.16032	1.16089	1.16029	1.16050	379	0	0
2026.03.03	14:35:00	1.16050	1.16105	1.16030	1.16089	370	0	0
2026.03.03	14:40:00	1.16089	1.16095	1.16054	1.16075	373	0	0
2026.03.03	14:45:00	1.16075	1.16110	1.16059	1.16096	388	0	0
2026.03.03	14:50:00	1.16096	1.16114	1.16057	1.16095	517	0	0
2026.03.03	14:55:00	1.16095	1.16154	1.16075	1.16129	517	0	0
2026.03.03	15:00:00	1.16128	1.16151	1.16048	1.16048	696	0	0
2026.03.03	15:05:00	1.16048	1.16106	1.16040	1.16063	557	0	0
2026.03.03	15:10:00	1.16064	1.16088	1.16034	1.16041	481	0	0
2026.03.03	15:15:00	1.16042	1.16042	1.15997	1.16019	487	0	0
2026.03.03	15:20:00	1.16019	1.16028	1.15990	1.16021	431	0	0
2026.03.03	15:25:00	1.16021	1.16030	1.15992	1.16005	457	0	0
2026.03.03	15:30:00	1.16005	1.16053	1.15988	1.16000	576	0	0
2026.03.03	15:35:00	1.15998	1.16014	1.15971	1.16009	505	0	0
2026.03.03	15:40:00	1.16009	1.16022	1.15953	1.15994	373	0	0
2026.03.03	15:45:00	1.15994	1.16024	1.15974	1.16018	416	0	0
2026.03.03	15:50:00	1.16018	1.16043	1.15928	1.15944	686	0	0
2026.03.03	15:55:00	1.15945	1.15973	1.15902	1.15906	581	0	0
2026.03.03	16:00:00	1.15905	1.15979	1.15904	1.15955	595	0	0
2026.03.03	16:05:00	1.15956	1.15996	1.15911	1.15911	474	0	0
2026.03.03	16:10:00	1.15911	1.15920	1.15839	1.15850	549	0	0
2026.03.03	16:15:00	1.15850	1.15858	1.15810	1.15829	587	0	0
2026.03.03	16:20:00	1.15829	1.15848	1.15744	1.15744	541	0	0
2026.03.03	16:25:00	1.15744	1.15780	1.15673	1.15755	786	0	0
2026.03.03	16:30:00	1.15756	1.15855	1.15748	1.15800	819	0	0
2026.03.03	16:35:00	1.15803	1.15829	1.15759	1.15810	850	0	0
2026.03.03	16:40:00	1.15811	1.15815	1.15698	1.15717	749	0	0
2026.03.03	16:45:00	1.15717	1.15783	1.15692	1.15742	816	0	0
2026.03.03	16:50:00	1.15740	1.15791	1.15715	1.15760	841	0	0
2026.03.03	16:55:00	1.15760	1.15760	1.15651	1.15676	812	0	0
2026.03.03	17:00:00	1.15673	1.15730	1.15631	1.15633	1052	0	0
2026.03.03	17:05:00	1.15632	1.15674	1.15529	1.15529	1045	0	0
2026.03.03	17:10:00	1.15532	1.15572	1.15433	1.15490	1187	0	0
2026.03.03	17:15:00	1.15491	1.15498	1.15324	1.15338	1186	0	0
2026.03.03	17:20:00	1.15337	1.15498	1.15303	1.15490	1072	0	0
2026.03.03	17:25:00	1.15490	1.15561	1.15477	1.15525	1031	0	0
2026.03.03	17:30:00	1.15523	1.15686	1.15515	1.15668	1134	0	0
2026.03.03	17:35:00	1.15671	1.15758	1.15646	1.15751	985	0	0
2026.03.03	17:40:00	1.15751	1.15851	1.15714	1.15747	1152	0	0
2026.03.03	17:45:00	1.15746	1.15805	1.15732	1.15771	1035	0	0
2026.03.03	17:50:00	1.15774	1.15782	1.15706	1.15772	1067	0	0
2026.03.03	17:55:00	1.15771	1.15779	1.15724	1.15729	829	0	0
2026.03.03	18:00:00	1.15730	1.15808	1.15694	1.15798	855	0	0
2026.03.03	18:05:00	1.15799	1.15861	1.15786	1.15808	820	0	0
2026.03.03	18:10:00	1.15808	1.15906	1.15796	1.15894	821	0	0
2026.03.03	18:15:00	1.15895	1.15931	1.15877	1.15880	740	0	0
2026.03.03	18:20:00	1.15880	1.15958	1.15851	1.15958	789	0	0
2026.03.03	18:25:00	1.15958	1.15958	1.15870	1.15870	624	0	0
2026.03.03	18:30:00	1.15868	1.15886	1.15792	1.15819	925	0	0
2026.03.03	18:35:00	1.15818	1.15902	1.15817	1.15880	871	0	0
2026.03.03	18:40:00	1.15879	1.15931	1.15793	1.15919	1008	0	0
2026.03.03	18:45:00	1.15919	1.16045	1.15913	1.16011	1189	0	0
2026.03.03	18:50:00	1.16011	1.16030	1.15982	1.16025	907	0	0
2026.03.03	18:55:00	1.16025	1.16060	1.16006	1.16031	811	0	0
2026.03.03	19:00:00	1.16032	1.16035	1.15945	1.15955	1010	0	0
2026.03.03	19:05:00	1.15955	1.15982	1.15931	1.15932	702	0	0
2026.03.03	19:10:00	1.15930	1.15934	1.15886	1.15911	619	0	0
2026.03.03	19:15:00	1.15912	1.15926	1.15869	1.15906	532	0	0
2026.03.03	19:20:00	1.15906	1.15961	1.15879	1.15897	554	0	0
2026.03.03	19:25:00	1.15899	1.15992	1.15894	1.15976	595	0	0
2026.03.03	19:30:00	1.15976	1.15986	1.15885	1.15916	610	0	0
2026.03.03	19:35:00	1.15917	1.15930	1.15891	1.15911	568	0	0
2026.03.03	19:40:00	1.15910	1.15942	1.15886	1.15939	648	0	0
2026.03.03	19:45:00	1.15940	1.16026	1.15939	1.16025	549	0	0
2026.03.03	19:50:00	1.16025	1.16031	1.15920	1.15925	503	0	0
2026.03.03	19:55:00	1.15924	1.15924	1.15888	1.15905	481	0	0
2026.03.03	20:00:00	1.15906	1.15987	1.15900	1.15976	544	0	0
2026.03.03	20:05:00	1.15976	1.16066	1.15970	1.16049	553	0	0
2026.03.03	20:10:00	1.16050	1.16061	1.16005	1.16032	527	0	0
2026.03.03	20:15:00	1.16034	1.16054	1.16023	1.16050	331	0	0
2026.03.03	20:20:00	1.16050	1.16064	1.16011	1.16055	379	0	0
2026.03.03	20:25:00	1.16055	1.16080	1.16029	1.16047	365	0	0
2026.03.03	20:30:00	1.16044	1.16125	1.16036	1.16078	390	0	0
2026.03.03	20:35:00	1.16078	1.16184	1.16071	1.16181	621	0	0
2026.03.03	20:40:00	1.16181	1.16222	1.16156	1.16176	640	0	0
2026.03.03	20:45:00	1.16176	1.16205	1.16158	1.16200	335	0	0
2026.03.03	20:50:00	1.16200	1.16208	1.16141	1.16154	389	0	0
2026.03.03	20:55:00	1.16153	1.16177	1.16129	1.16157	443	0	0
2026.03.03	21:00:00	1.16158	1.16187	1.16143	1.16146	363	0	0
2026.03.03	21:05:00	1.16145	1.16148	1.16066	1.16074	403	0	0
2026.03.03	21:10:00	1.16074	1.16101	1.16054	1.16092	326	0	0
2026.03.03	21:15:00	1.16091	1.16104	1.16040	1.16071	392	0	0
2026.03.03	21:20:00	1.16071	1.16095	1.16057	1.16059	363	0	0
2026.03.03	21:25:00	1.16060	1.16069	1.16021	1.16031	336	0	0
2026.03.03	21:30:00	1.16030	1.16043	1.16011	1.16020	422	0	0
2026.03.03	21:35:00	1.16020	1.16175	1.15999	1.16159	1001	0	0
2026.03.03	21:40:00	1.16160	1.16259	1.16160	1.16219	997	0	0
2026.03.03	21:45:00	1.16219	1.16245	1.16153	1.16186	714	0	0
2026.03.03	21:50:00	1.16188	1.16236	1.16169	1.16184	626	0	0
2026.03.03	21:55:00	1.16184	1.16191	1.16119	1.16124	538	0	0
2026.03.03	22:00:00	1.16125	1.16161	1.16113	1.16137	580	0	0
2026.03.03	22:05:00	1.16137	1.16192	1.16134	1.16181	409	0	0
2026.03.03	22:10:00	1.16178	1.16221	1.16176	1.16200	490	0	0
2026.03.03	22:15:00	1.16198	1.16216	1.16157	1.16211	434	0	0
2026.03.03	22:20:00	1.16214	1.16234	1.16208	1.16231	383	0	0
2026.03.03	22:25:00	1.16230	1.16241	1.16209	1.16219	345	0	0
2026.03.03	22:30:00	1.16218	1.16246	1.16202	1.16207	365	0	0
2026.03.03	22:35:00	1.16207	1.16230	1.16200	1.16206	296	0	0
2026.03.03	22:40:00	1.16206	1.16215	1.16169	1.16193	269	0	0
2026.03.03	22:45:00	1.16194	1.16202	1.16139	1.16148	292	0	0
2026.03.03	22:50:00	1.16148	1.16185	1.16134	1.16182	411	0	0
2026.03.03	22:55:00	1.16182	1.16187	1.16165	1.16176	365	0	0
2026.03.03	23:00:00	1.16175	1.16179	1.16147	1.16164	302	0	0
2026.03.03	23:05:00	1.16164	1.16184	1.16159	1.16162	148	0	0
2026.03.03	23:10:00	1.16164	1.16165	1.16136	1.16143	173	0	0
2026.03.03	23:15:00	1.16145	1.16145	1.16121	1.16124	147	0	0
2026.03.03	23:20:00	1.16126	1.16141	1.16124	1.16141	88	0	0
2026.03.03	23:25:00	1.16141	1.16157	1.16134	1.16144	100	0	0
2026.03.03	23:30:00	1.16144	1.16154	1.16140	1.16146	105	0	0
2026.03.03	23:35:00	1.16147	1.16147	1.16128	1.16132	90	0	0
2026.03.03	23:40:00	1.16131	1.16141	1.16125	1.16131	76	0	0
2026.03.03	23:45:00	1.16131	1.16135	1.16099	1.16104	274	0	0
2026.03.03	23:50:00	1.16105	1.16115	1.16099	1.16110	244	0	0
2026.03.03	23:55:00	1.16110	1.16141	1.16108	1.16137	380	0	0
2026.03.04	00:00:00	1.16137	1.16137	1.16092	1.16097	12	0	10
2026.03.04	00:05:00	1.16097	1.16146	1.16097	1.16143	27	0	7
2026.03.04	00:10:00	1.16143	1.16146	1.16103	1.16109	33	0	19
2026.03.04	00:15:00	1.16109	1.16121	1.16102	1.16112	38	0	11
2026.03.04	00:20:00	1.16112	1.16148	1.16112	1.16143	37	0	11
2026.03.04	00:25:00	1.16141	1.16144	1.16117	1.16118	87	0	20
2026.03.04	00:30:00	1.16118	1.16125	1.16104	1.16109	55	0	5
2026.03.04	00:35:00	1.16115	1.16115	1.16101	1.16105	276	0	10
2026.03.04	00:40:00	1.16102	1.16114	1.16102	1.16110	110	0	8
2026.03.04	00:45:00	1.16111	1.16114	1.16106	1.16106	176	0	15
2026.03.04	00:50:00	1.16106	1.16120	1.16104	1.16118	116	0	7
2026.03.04	00:55:00	1.16116	1.16118	1.16109	1.16116	50	0	9
2026.03.04	01:00:00	1.16116	1.16131	1.16103	1.16105	265	0	0
2026.03.04	01:05:00	1.16109	1.16154	1.16109	1.16150	119	0	0
2026.03.04	01:10:00	1.16150	1.16193	1.16150	1.16192	190	0	0
2026.03.04	01:15:00	1.16193	1.16203	1.16189	1.16189	160	0	0
2026.03.04	01:20:00	1.16190	1.16193	1.16158	1.16161	169	0	0
2026.03.04	01:25:00	1.16162	1.16174	1.16156	1.16166	132	0	0
2026.03.04	01:30:00	1.16166	1.16170	1.16150	1.16151	120	0	0
2026.03.04	01:35:00	1.16150	1.16162	1.16141	1.16141	135	0	0
2026.03.04	01:40:00	1.16140	1.16142	1.16123	1.16127	89	0	0
2026.03.04	01:45:00	1.16126	1.16126	1.16099	1.16109	149	0	0
2026.03.04	01:50:00	1.16109	1.16118	1.16089	1.16116	170	0	0
2026.03.04	01:55:00	1.16116	1.16128	1.16104	1.16104	117	0	0
2026.03.04	02:00:00	1.16106	1.16111	1.16048	1.16060	351	0	0
2026.03.04	02:05:00	1.16060	1.16070	1.16029	1.16040	354	0	0
2026.03.04	02:10:00	1.16041	1.16080	1.16029	1.16063	438	0	0
2026.03.04	02:15:00	1.16064	1.16104	1.16018	1.16095	437	0	0
2026.03.04	02:20:00	1.16096	1.16099	1.16028	1.16049	398	0	0
2026.03.04	02:25:00	1.16050	1.16083	1.16024	1.16045	301	0	0
2026.03.04	02:30:00	1.16045	1.16080	1.16015	1.16018	425	0	0
2026.03.04	02:35:00	1.16018	1.16019	1.15970	1.15973	421	0	0
2026.03.04	02:40:00	1.15973	1.15980	1.15944	1.15945	429	0	0
2026.03.04	02:45:00	1.15945	1.15956	1.15931	1.15945	330	0	0
2026.03.04	02:50:00	1.15945	1.15968	1.15930	1.15937	305	0	0
2026.03.04	02:55:00	1.15937	1.15947	1.15922	1.15930	309	0	0
2026.03.04	03:00:00	1.15931	1.15976	1.15926	1.15940	499	0	0
2026.03.04	03:05:00	1.15940	1.15941	1.15902	1.15904	359	0	0
2026.03.04	03:10:00	1.15906	1.15941	1.15900	1.15934	300	0	0
2026.03.04	03:15:00	1.15934	1.15934	1.15851	1.15853	477	0	0
2026.03.04	03:20:00	1.15854	1.15860	1.15786	1.15787	576	0	0
2026.03.04	03:25:00	1.15788	1.15819	1.15748	1.15808	436	0	0
2026.03.04	03:30:00	1.15803	1.15819	1.15768	1.15776	525	0	0
2026.03.04	03:35:00	1.15776	1.15896	1.15776	1.15880	503	0	0
2026.03.04	03:40:00	1.15880	1.15943	1.15875	1.15939	402	0	0
2026.03.04	03:45:00	1.15938	1.15945	1.15912	1.15930	375	0	0
2026.03.04	03:50:00	1.15930	1.15958	1.15922	1.15937	358	0	0
2026.03.04	03:55:00	1.15936	1.15951	1.15930	1.15939	421	0	0
2026.03.04	04:00:00	1.15938	1.15959	1.15915	1.15945	548	0	0
2026.03.04	04:05:00	1.15945	1.15968	1.15935	1.15946	468	0	0
2026.03.04	04:10:00	1.15946	1.15996	1.15939	1.15970	426	0	0
2026.03.04	04:15:00	1.15970	1.15985	1.15947	1.15984	358	0	0
2026.03.04	04:20:00	1.15984	1.16004	1.15979	1.15992	422	0	0
2026.03.04	04:25:00	1.15993	1.15998	1.15972	1.15978	405	0	0
2026.03.04	04:30:00	1.15979	1.15994	1.15962	1.15981	427	0	0
2026.03.04	04:35:00	1.15979	1.15983	1.15938	1.15966	393	0	0
2026.03.04	04:40:00	1.15967	1.16011	1.15964	1.16004	394	0	0
2026.03.04	04:45:00	1.16005	1.16014	1.15988	1.16006	284	0	0
2026.03.04	04:50:00	1.16007	1.16043	1.15991	1.15992	296	0	0
2026.03.04	04:55:00	1.15992	1.16001	1.15977	1.15982	330	0	0
2026.03.04	05:00:00	1.15982	1.15997	1.15954	1.15963	285	0	0
2026.03.04	05:05:00	1.15965	1.15994	1.15958	1.15993	250	0	0
2026.03.04	05:10:00	1.15993	1.16000	1.15970	1.15997	214	0	0
2026.03.04	05:15:00	1.15997	1.16001	1.15990	1.15994	162	0	0
2026.03.04	05:20:00	1.15995	1.16030	1.15987	1.16023	243	0	0
2026.03.04	05:25:00	1.16023	1.16030	1.15998	1.15998	184	0	0
2026.03.04	05:30:00	1.15997	1.16023	1.15984	1.16001	294	0	0
2026.03.04	05:35:00	1.16001	1.16041	1.15990	1.16034	370	0	0
2026.03.04	05:40:00	1.16034	1.16042	1.16022	1.16024	225	0	0
2026.03.04	05:45:00	1.16025	1.16067	1.16020	1.16067	303	0	0
2026.03.04	05:50:00	1.16066	1.16087	1.16059	1.16076	247	0	0
2026.03.04	05:55:00	1.16076	1.16093	1.16075	1.16085	255	0	0
2026.03.04	06:00:00	1.16086	1.16101	1.16085	1.16091	226	0	0
2026.03.04	06:05:00	1.16090	1.16105	1.16075	1.16076	257	0	0
2026.03.04	06:10:00	1.16076	1.16091	1.16068	1.16089	271	0	0
2026.03.04	06:15:00	1.16089	1.16101	1.16073	1.16086	164	0	0
2026.03.04	06:20:00	1.16086	1.16086	1.16053	1.16055	243	0	0
2026.03.04	06:25:00	1.16056	1.16060	1.16039	1.16040	227	0	0
2026.03.04	06:30:00	1.16040	1.16044	1.16002	1.16011	290	0	0
2026.03.04	06:35:00	1.16011	1.16015	1.15975	1.15991	288	0	0
2026.03.04	06:40:00	1.15992	1.15992	1.15953	1.15972	392	0	0
2026.03.04	06:45:00	1.15971	1.15980	1.15945	1.15951	285	0	0
2026.03.04	06:50:00	1.15952	1.15952	1.15904	1.15929	387	0	0
2026.03.04	06:55:00	1.15930	1.15949	1.15929	1.15931	239	0	0
2026.03.04	07:00:00	1.15931	1.15945	1.15919	1.15927	318	0	0
2026.03.04	07:05:00	1.15927	1.15961	1.15924	1.15960	276	0	0
2026.03.04	07:10:00	1.15961	1.15990	1.15959	1.15967	290	0	0
2026.03.04	07:15:00	1.15967	1.15989	1.15941	1.15945	345	0	0
2026.03.04	07:20:00	1.15945	1.15951	1.15919	1.15924	245	0	0
2026.03.04	07:25:00	1.15925	1.15925	1.15900	1.15919	267	0	0
2026.03.04	07:30:00	1.15919	1.15922	1.15905	1.15906	298	0	0
2026.03.04	07:35:00	1.15908	1.15921	1.15897	1.15901	307	0	0
2026.03.04	07:40:00	1.15902	1.15922	1.15880	1.15885	304	0	0
2026.03.04	07:45:00	1.15884	1.15941	1.15871	1.15941	254	0	0
2026.03.04	07:50:00	1.15942	1.15970	1.15940	1.15963	223	0	0
2026.03.04	07:55:00	1.15964	1.15964	1.15915	1.15953	359	0	0
2026.03.04	08:00:00	1.15953	1.15953	1.15897	1.15908	336	0	0
2026.03.04	08:05:00	1.15908	1.15943	1.15901	1.15937	323	0	0
2026.03.04	08:10:00	1.15937	1.15969	1.15936	1.15951	360	0	0
2026.03.04	08:15:00	1.15950	1.15986	1.15943	1.15970	281	0	0
2026.03.04	08:20:00	1.15970	1.16015	1.15967	1.15997	284	0	0
2026.03.04	08:25:00	1.15998	1.16074	1.15997	1.16058	396	0	0
2026.03.04	08:30:00	1.16058	1.16142	1.16058	1.16142	319	0	0
2026.03.04	08:35:00	1.16142	1.16156	1.16115	1.16146	317	0	0
2026.03.04	08:40:00	1.16146	1.16178	1.16144	1.16152	288	0	0
2026.03.04	08:45:00	1.16153	1.16161	1.16118	1.16155	311	0	0
2026.03.04	08:50:00	1.16155	1.16157	1.16128	1.16136	279	0	0
2026.03.04	08:55:00	1.16136	1.16147	1.16105	1.16108	296	0	0
2026.03.04	09:00:00	1.16109	1.16151	1.16108	1.16149	412	0	0
2026.03.04	09:05:00	1.16150	1.16200	1.16150	1.16180	530	0	0
2026.03.04	09:10:00	1.16177	1.16182	1.16139	1.16166	402	0	0
2026.03.04	09:15:00	1.16166	1.16222	1.16127	1.16140	448	0	0
2026.03.04	09:20:00	1.16140	1.16177	1.16130	1.16166	223	0	0
2026.03.04	09:25:00	1.16165	1.16231	1.16165	1.16211	303	0	0
2026.03.04	09:30:00	1.16215	1.16281	1.16206	1.16244	468	0	0
2026.03.04	09:35:00	1.16244	1.16264	1.16215	1.16226	364	0	0
2026.03.04	09:40:00	1.16225	1.16253	1.16221	1.16241	308	0	0
2026.03.04	09:45:00	1.16242	1.16256	1.16224	1.16240	335	0	0
2026.03.04	09:50:00	1.16239	1.16239	1.16186	1.16207	392	0	0
2026.03.04	09:55:00	1.16207	1.16209	1.16158	1.16159	435	0	0
2026.03.04	10:00:00	1.16158	1.16170	1.16071	1.16080	641	0	0
2026.03.04	10:05:00	1.16080	1.16133	1.16071	1.16121	508	0	0
2026.03.04	10:10:00	1.16121	1.16129	1.16036	1.16090	529	0	0
2026.03.04	10:15:00	1.16093	1.16093	1.16040	1.16050	517	0	0
2026.03.04	10:20:00	1.16050	1.16071	1.16014	1.16044	529	0	0
2026.03.04	10:25:00	1.16044	1.16051	1.15988	1.15988	459	0	0
2026.03.04	10:30:00	1.15989	1.16062	1.15971	1.16020	549	0	0
2026.03.04	10:35:00	1.16019	1.16037	1.15984	1.15992	461	0	0
2026.03.04	10:40:00	1.15988	1.16026	1.15962	1.15994	490	0	0
2026.03.04	10:45:00	1.15994	1.16062	1.15984	1.16043	359	0	0
2026.03.04	10:50:00	1.16041	1.16048	1.16009	1.16022	383	0	0
2026.03.04	10:55:00	1.16022	1.16035	1.15951	1.15996	564	0	0
2026.03.04	11:00:00	1.15997	1.16001	1.15921	1.15966	673	0	0
2026.03.04	11:05:00	1.15967	1.16001	1.15945	1.15976	451	0	0
2026.03.04	11:10:00	1.15976	1.16084	1.15970	1.16071	394	0	0
2026.03.04	11:15:00	1.16071	1.16176	1.16069	1.16145	533	0	0
2026.03.04	11:20:00	1.16145	1.16184	1.16131	1.16171	543	0	0
2026.03.04	11:25:00	1.16171	1.16175	1.16131	1.16142	433	0	0
2026.03.04	11:30:00	1.16142	1.16175	1.16126	1.16142	432	0	0
2026.03.04	11:35:00	1.16139	1.16164	1.16131	1.16146	391	0	0
2026.03.04	11:40:00	1.16147	1.16169	1.16120	1.16145	392	0	0
2026.03.04	11:45:00	1.16146	1.16185	1.16139	1.16175	526	0	0
2026.03.04	11:50:00	1.16175	1.16200	1.16089	1.16096	507	0	0
2026.03.04	11:55:00	1.16096	1.16104	1.16067	1.16087	401	0	0
2026.03.04	12:00:00	1.16087	1.16168	1.16086	1.16161	395	0	0
2026.03.04	12:05:00	1.16162	1.16472	1.16145	1.16437	1011	0	0
2026.03.04	12:10:00	1.16436	1.16470	1.16316	1.16394	1424	0	0
2026.03.04	12:15:00	1.16393	1.16415	1.16292	1.16335	995	0	0
2026.03.04	12:20:00	1.16333	1.16412	1.16311	1.16397	735	0	0
2026.03.04	12:25:00	1.16397	1.16398	1.16331	1.16361	600	0	0
2026.03.04	12:30:00	1.16360	1.16386	1.16257	1.16266	674	0	0
2026.03.04	12:35:00	1.16266	1.16316	1.16266	1.16311	552	0	0
2026.03.04	12:40:00	1.16310	1.16362	1.16281	1.16345	460	0	0
2026.03.04	12:45:00	1.16345	1.16405	1.16331	1.16356	521	0	0
2026.03.04	12:50:00	1.16355	1.16368	1.16303	1.16341	408	0	0
2026.03.04	12:55:00	1.16342	1.16354	1.16319	1.16343	319	0	0
2026.03.04	13:00:00	1.16343	1.16382	1.16326	1.16348	434	0	0
2026.03.04	13:05:00	1.16348	1.16359	1.16326	1.16347	388	0	0
2026.03.04	13:10:00	1.16347	1.16454	1.16347	1.16451	416	0	0
2026.03.04	13:15:00	1.16452	1.16495	1.16446	1.16491	483	0	0
2026.03.04	13:20:00	1.16491	1.16546	1.16477	1.16543	419	0	0
2026.03.04	13:25:00	1.16542	1.16548	1.16434	1.16444	470	0	0
2026.03.04	13:30:00	1.16444	1.16456	1.16381	1.16388	538	0	0
2026.03.04	13:35:00	1.16389	1.16416	1.16370	1.16396	459	0	0
2026.03.04	13:40:00	1.16397	1.16397	1.16347	1.16350	317	0	0
2026.03.04	13:45:00	1.16351	1.16387	1.16347	1.16362	273	0	0
2026.03.04	13:50:00	1.16363	1.16364	1.16323	1.16332	306	0	0
2026.03.04	13:55:00	1.16332	1.16369	1.16310	1.16352	370	0	0
2026.03.04	14:00:00	1.16352	1.16451	1.16343	1.16436	539	0	0
2026.03.04	14:05:00	1.16437	1.16478	1.16406	1.16456	308	0	0
2026.03.04	14:10:00	1.16456	1.16479	1.16449	1.16478	283	0	0
2026.03.04	14:15:00	1.16479	1.16487	1.16446	1.16463	424	0	0
2026.03.04	14:20:00	1.16463	1.16466	1.16378	1.16378	433	0	0
2026.03.04	14:25:00	1.16378	1.16378	1.16319	1.16320	481	0	0
2026.03.04	14:30:00	1.16320	1.16337	1.16306	1.16327	417	0	0
2026.03.04	14:35:00	1.16327	1.16370	1.16321	1.16338	440	0	0
2026.03.04	14:40:00	1.16338	1.16374	1.16324	1.16366	444	0	0
2026.03.04	14:45:00	1.16366	1.16378	1.16335	1.16377	431	0	0
2026.03.04	14:50:00	1.16377	1.16384	1.16324	1.16332	393	0	0
2026.03.04	14:55:00	1.16330	1.16332	1.16262	1.16304	588	0	0
2026.03.04	15:00:00	1.16304	1.16430	1.16303	1.16421	694	0	0
2026.03.04	15:05:00	1.16421	1.16522	1.16406	1.16484	657	0	0
2026.03.04	15:10:00	1.16485	1.16494	1.16462	1.16477	528	0	0
2026.03.04	15:15:00	1.16474	1.16488	1.16416	1.16440	693	0	0
2026.03.04	15:20:00	1.16439	1.16439	1.16367	1.16387	660	0	0
2026.03.04	15:25:00	1.16387	1.16449	1.16387	1.16410	483	0	0
2026.03.04	15:30:00	1.16410	1.16458	1.16395	1.16435	501	0	0
2026.03.04	15:35:00	1.16435	1.16448	1.16391	1.16423	425	0	0
2026.03.04	15:40:00	1.16424	1.16438	1.16377	1.16386	461	0	0
2026.03.04	15:45:00	1.16386	1.16401	1.16360	1.16396	374	0	0
2026.03.04	15:50:00	1.16396	1.16412	1.16341	1.16357	484	0	0
2026.03.04	15:55:00	1.16357	1.16357	1.16306	1.16312	687	0	0
2026.03.04	16:00:00	1.16309	1.16330	1.16269	1.16290	547	0	0
2026.03.04	16:05:00	1.16288	1.16378	1.16282	1.16297	594	0	0
2026.03.04	16:10:00	1.16296	1.16327	1.16282	1.16287	445	0	0
2026.03.04	16:15:00	1.16286	1.16398	1.16282	1.16397	536	0	0
2026.03.04	16:20:00	1.16397	1.16413	1.16321	1.16348	533	0	0
2026.03.04	16:25:00	1.16343	1.16388	1.16326	1.16346	429	0	0
2026.03.04	16:30:00	1.16347	1.16374	1.16317	1.16369	779	0	0
2026.03.04	16:35:00	1.16372	1.16384	1.16212	1.16314	1305	0	0
2026.03.04	16:40:00	1.16314	1.16331	1.16241	1.16273	968	0	0
2026.03.04	16:45:00	1.16273	1.16298	1.16208	1.16241	1015	0	0
2026.03.04	16:50:00	1.16242	1.16287	1.16224	1.16257	746	0	0
2026.03.04	16:55:00	1.16257	1.16258	1.16220	1.16249	570	0	0
2026.03.04	17:00:00	1.16249	1.16268	1.16189	1.16197	1027	0	0
2026.03.04	17:05:00	1.16198	1.16255	1.16168	1.16234	897	0	0
2026.03.04	17:10:00	1.16233	1.16282	1.16186	1.16221	754	0	0
2026.03.04	17:15:00	1.16218	1.16311	1.16205	1.16307	659	0	0
2026.03.04	17:20:00	1.16307	1.16338	1.16296	1.16337	496	0	0
2026.03.04	17:25:00	1.16337	1.16398	1.16336	1.16387	587	0	0
2026.03.04	17:30:00	1.16387	1.16398	1.16356	1.16372	663	0	0
2026.03.04	17:35:00	1.16371	1.16388	1.16330	1.16342	541	0	0
2026.03.04	17:40:00	1.16342	1.16378	1.16311	1.16349	551	0	0
2026.03.04	17:45:00	1.16349	1.16349	1.16317	1.16341	466	0	0
2026.03.04	17:50:00	1.16341	1.16405	1.16332	1.16393	664	0	0
2026.03.04	17:55:00	1.16391	1.16405	1.16323	1.16403	616	0	0
2026.03.04	18:00:00	1.16403	1.16453	1.16391	1.16422	643	0	0
2026.03.04	18:05:00	1.16421	1.16461	1.16393	1.16442	504	0	0
2026.03.04	18:10:00	1.16437	1.16440	1.16388	1.16397	543	0	0
2026.03.04	18:15:00	1.16403	1.16413	1.16349	1.16352	423	0	0
2026.03.04	18:20:00	1.16352	1.16358	1.16286	1.16290	489	0	0
2026.03.04	18:25:00	1.16291	1.16323	1.16288	1.16322	370	0	0
2026.03.04	18:30:00	1.16326	1.16367	1.16300	1.16361	503	0	0
2026.03.04	18:35:00	1.16362	1.16399	1.16357	1.16388	400	0	0
2026.03.04	18:40:00	1.16388	1.16418	1.16378	1.16389	371	0	0
2026.03.04	18:45:00	1.16390	1.16398	1.16371	1.16374	400	0	0
2026.03.04	18:50:00	1.16375	1.16389	1.16361	1.16386	357	0	0
2026.03.04	18:55:00	1.16387	1.16395	1.16353	1.16372	341	0	0
2026.03.04	19:00:00	1.16372	1.16422	1.16366	1.16420	296	0	0
2026.03.04	19:05:00	1.16421	1.16437	1.16370	1.16373	379	0	0
2026.03.04	19:10:00	1.16373	1.16386	1.16333	1.16342	247	0	0
2026.03.04	19:15:00	1.16343	1.16378	1.16329	1.16374	319	0	0
2026.03.04	19:20:00	1.16371	1.16371	1.16299	1.16307	531	0	0
2026.03.04	19:25:00	1.16305	1.16320	1.16281	1.16288	466	0	0
2026.03.04	19:30:00	1.16290	1.16300	1.16266	1.16282	487	0	0
2026.03.04	19:35:00	1.16281	1.16306	1.16265	1.16301	333	0	0
2026.03.04	19:40:00	1.16302	1.16305	1.16279	1.16281	274	0	0
2026.03.04	19:45:00	1.16280	1.16346	1.16280	1.16345	276	0	0
2026.03.04	19:50:00	1.16346	1.16349	1.16331	1.16335	230	0	0
2026.03.04	19:55:00	1.16335	1.16335	1.16304	1.16331	306	0	0
2026.03.04	20:00:00	1.16332	1.16335	1.16277	1.16280	345	0	0
2026.03.04	20:05:00	1.16280	1.16304	1.16271	1.16288	320	0	0
2026.03.04	20:10:00	1.16287	1.16300	1.16273	1.16284	271	0	0
2026.03.04	20:15:00	1.16284	1.16284	1.16260	1.16266	231	0	0
2026.03.04	20:20:00	1.16267	1.16270	1.16243	1.16263	275	0	0
2026.03.04	20:25:00	1.16263	1.16272	1.16236	1.16255	277	0	0
2026.03.04	20:30:00	1.16255	1.16282	1.16248	1.16256	296	0	0
2026.03.04	20:35:00	1.16256	1.16278	1.16246	1.16251	234	0	0
2026.03.04	20:40:00	1.16250	1.16265	1.16246	1.16265	191	0	0
2026.03.04	20:45:00	1.16265	1.16285	1.16250	1.16285	247	0	0
2026.03.04	20:50:00	1.16285	1.16289	1.16270	1.16276	270	0	0
2026.03.04	20:55:00	1.16276	1.16281	1.16235	1.16245	238	0	0
2026.03.04	21:00:00	1.16245	1.16297	1.16244	1.16294	227	0	0
2026.03.04	21:05:00	1.16294	1.16297	1.16263	1.16270	236	0	0
2026.03.04	21:10:00	1.16273	1.16281	1.16265	1.16274	200	0	0
2026.03.04	21:15:00	1.16274	1.16300	1.16274	1.16286	191	0	0
2026.03.04	21:20:00	1.16285	1.16292	1.16276	1.16288	175	0	0
2026.03.04	21:25:00	1.16290	1.16339	1.16287	1.16338	266	0	0
2026.03.04	21:30:00	1.16339	1.16346	1.16306	1.16307	326	0	0
2026.03.04	21:35:00	1.16306	1.16336	1.16305	1.16332	194	0	0
2026.03.04	21:40:00	1.16332	1.16345	1.16312	1.16317	166	0	0
2026.03.04	21:45:00	1.16317	1.16328	1.16306	1.16320	218	0	0
2026.03.04	21:50:00	1.16320	1.16358	1.16309	1.16357	200	0	0
2026.03.04	21:55:00	1.16357	1.16411	1.16354	1.16398	367	0	0
2026.03.04	22:00:00	1.16398	1.16412	1.16392	1.16409	261	0	0
2026.03.04	22:05:00	1.16409	1.16414	1.16387	1.16407	174	0	0
2026.03.04	22:10:00	1.16407	1.16407	1.16389	1.16405	176	0	0
2026.03.04	22:15:00	1.16404	1.16404	1.16383	1.16390	208	0	0
2026.03.04	22:20:00	1.16390	1.16412	1.16387	1.16409	203	0	0
2026.03.04	22:25:00	1.16411	1.16412	1.16395	1.16409	182	0	0
2026.03.04	22:30:00	1.16408	1.16418	1.16396	1.16414	199	0	0
2026.03.04	22:35:00	1.16414	1.16437	1.16414	1.16431	140	0	0
2026.03.04	22:40:00	1.16431	1.16438	1.16418	1.16432	151	0	0
2026.03.04	22:45:00	1.16433	1.16435	1.16411	1.16413	117	0	0
2026.03.04	22:50:00	1.16413	1.16423	1.16401	1.16423	263	0	0
2026.03.04	22:55:00	1.16423	1.16424	1.16403	1.16403	250	0	0
2026.03.04	23:00:00	1.16403	1.16408	1.16380	1.16383	331	0	0
2026.03.04	23:05:00	1.16386	1.16387	1.16377	1.16382	116	0	0
2026.03.04	23:10:00	1.16382	1.16397	1.16372	1.16396	101	0	0
2026.03.04	23:15:00	1.16398	1.16415	1.16394	1.16413	147	0	0
2026.03.04	23:20:00	1.16413	1.16418	1.16401	1.16402	91	0	0
2026.03.04	23:25:00	1.16402	1.16403	1.16389	1.16403	90	0	0
2026.03.04	23:30:00	1.16403	1.16403	1.16382	1.16385	117	0	0
2026.03.04	23:35:00	1.16385	1.16386	1.16361	1.16369	108	0	0
2026.03.04	23:40:00	1.16369	1.16369	1.16353	1.16356	81	0	0
2026.03.04	23:45:00	1.16358	1.16363	1.16355	1.16355	93	0	0
2026.03.04	23:50:00	1.16356	1.16369	1.16355	1.16361	223	0	0
2026.03.04	23:55:00	1.16362	1.16370	1.16324	1.16332	353	0	0
2026.03.05	00:00:00	1.16331	1.16331	1.16255	1.16282	43	0	8
2026.03.05	00:05:00	1.16292	1.16331	1.16275	1.16281	56	0	0
2026.03.05	00:10:00	1.16283	1.16294	1.16281	1.16294	13	0	22
2026.03.05	00:15:00	1.16294	1.16317	1.16294	1.16314	25	0	7
2026.03.05	00:20:00	1.16315	1.16321	1.16309	1.16315	32	0	13
2026.03.05	00:25:00	1.16315	1.16329	1.16315	1.16329	26	0	9
2026.03.05	00:30:00	1.16329	1.16333	1.16329	1.16333	23	0	11
2026.03.05	00:35:00	1.16333	1.16335	1.16330	1.16334	16	0	4
2026.03.05	00:40:00	1.16335	1.16336	1.16330	1.16330	22	0	3
2026.03.05	00:45:00	1.16330	1.16332	1.16329	1.16331	19	0	4
2026.03.05	00:50:00	1.16331	1.16333	1.16331	1.16331	22	0	3
2026.03.05	00:55:00	1.16331	1.16344	1.16331	1.16343	36	0	0
2026.03.05	01:00:00	1.16345	1.16393	1.16342	1.16381	157	0	0
2026.03.05	01:05:00	1.16384	1.16394	1.16355	1.16380	92	0	0
2026.03.05	01:10:00	1.16381	1.16381	1.16348	1.16357	87	0	0
2026.03.05	01:15:00	1.16356	1.16363	1.16354	1.16358	123	0	0
2026.03.05	01:20:00	1.16358	1.16360	1.16355	1.16360	79	0	0
2026.03.05	01:25:00	1.16360	1.16369	1.16360	1.16364	92	0	0
2026.03.05	01:30:00	1.16365	1.16369	1.16350	1.16353	152	0	0
2026.03.05	01:35:00	1.16352	1.16353	1.16340	1.16343	90	0	0
2026.03.05	01:40:00	1.16343	1.16355	1.16337	1.16352	151	0	0
2026.03.05	01:45:00	1.16352	1.16362	1.16344	1.16356	157	0	0
2026.03.05	01:50:00	1.16356	1.16358	1.16340	1.16353	135	0	0
2026.03.05	01:55:00	1.16352	1.16359	1.16345	1.16349	158	0	0
2026.03.05	02:00:00	1.16349	1.16351	1.16321	1.16346	256	0	0
2026.03.05	02:05:00	1.16347	1.16369	1.16345	1.16369	201	0	0
2026.03.05	02:10:00	1.16368	1.16377	1.16367	1.16376	156	0	0
2026.03.05	02:15:00	1.16374	1.16415	1.16368	1.16415	202	0	0
2026.03.05	02:20:00	1.16417	1.16442	1.16417	1.16436	166	0	0
2026.03.05	02:25:00	1.16437	1.16439	1.16422	1.16430	144	0	0
2026.03.05	02:30:00	1.16430	1.16430	1.16396	1.16414	142	0	0
2026.03.05	02:35:00	1.16414	1.16440	1.16401	1.16438	179	0	0
2026.03.05	02:40:00	1.16438	1.16454	1.16437	1.16440	185	0	0
2026.03.05	02:45:00	1.16440	1.16442	1.16418	1.16439	156	0	0
2026.03.05	02:50:00	1.16439	1.16451	1.16424	1.16448	261	0	0
2026.03.05	02:55:00	1.16448	1.16454	1.16442	1.16451	219	0	0
2026.03.05	03:00:00	1.16452	1.16452	1.16386	1.16386	492	0	0
2026.03.05	03:05:00	1.16387	1.16403	1.16373	1.16392	316	0	0
2026.03.05	03:10:00	1.16393	1.16435	1.16390	1.16413	370	0	0
2026.03.05	03:15:00	1.16412	1.16455	1.16412	1.16443	371	0	0
2026.03.05	03:20:00	1.16442	1.16447	1.16423	1.16433	317	0	0
2026.03.05	03:25:00	1.16434	1.16470	1.16424	1.16469	307	0	0
2026.03.05	03:30:00	1.16469	1.16475	1.16418	1.16423	458	0	0
2026.03.05	03:35:00	1.16422	1.16422	1.16357	1.16362	472	0	0
2026.03.05	03:40:00	1.16362	1.16366	1.16311	1.16327	527	0	0
2026.03.05	03:45:00	1.16326	1.16329	1.16301	1.16317	448	0	0
2026.03.05	03:50:00	1.16318	1.16322	1.16289	1.16311	413	0	0
2026.03.05	03:55:00	1.16311	1.16316	1.16271	1.16282	380	0	0
2026.03.05	04:00:00	1.16282	1.16310	1.16272	1.16297	465	0	0
2026.03.05	04:05:00	1.16297	1.16314	1.16284	1.16297	289	0	0
2026.03.05	04:10:00	1.16297	1.16311	1.16293	1.16297	194	0	0
2026.03.05	04:15:00	1.16297	1.16319	1.16279	1.16314	249	0	0
2026.03.05	04:20:00	1.16314	1.16314	1.16225	1.16248	322	0	0
2026.03.05	04:25:00	1.16249	1.16275	1.16242	1.16268	283	0	0
2026.03.05	04:30:00	1.16268	1.16268	1.16225	1.16234	349	0	0
2026.03.05	04:35:00	1.16234	1.16248	1.16225	1.16248	342	0	0
2026.03.05	04:40:00	1.16248	1.16283	1.16247	1.16278	285	0	0
2026.03.05	04:45:00	1.16279	1.16295	1.16275	1.16295	231	0	0
2026.03.05	04:50:00	1.16294	1.16306	1.16266	1.16266	275	0	0
2026.03.05	04:55:00	1.16267	1.16269	1.16245	1.16258	370	0	0
2026.03.05	05:00:00	1.16259	1.16277	1.16240	1.16245	385	0	0
2026.03.05	05:05:00	1.16245	1.16260	1.16242	1.16252	308	0	0
2026.03.05	05:10:00	1.16252	1.16252	1.16197	1.16206	281	0	0
2026.03.05	05:15:00	1.16207	1.16214	1.16161	1.16173	286	0	0
2026.03.05	05:20:00	1.16172	1.16173	1.16144	1.16173	329	0	0
2026.03.05	05:25:00	1.16173	1.16174	1.16123	1.16141	316	0	0
2026.03.05	05:30:00	1.16144	1.16146	1.16100	1.16105	380	0	0
2026.03.05	05:35:00	1.16105	1.16146	1.16103	1.16138	245	0	0
2026.03.05	05:40:00	1.16138	1.16160	1.16138	1.16140	235	0	0
2026.03.05	05:45:00	1.16141	1.16156	1.16133	1.16134	184	0	0
2026.03.05	05:50:00	1.16133	1.16149	1.16123	1.16131	208	0	0
2026.03.05	05:55:00	1.16132	1.16138	1.16110	1.16132	250	0	0
2026.03.05	06:00:00	1.16132	1.16132	1.16096	1.16103	215	0	0
2026.03.05	06:05:00	1.16103	1.16145	1.16103	1.16137	179	0	0
2026.03.05	06:10:00	1.16137	1.16148	1.16131	1.16132	192	0	0
2026.03.05	06:15:00	1.16132	1.16137	1.16113	1.16114	178	0	0
2026.03.05	06:20:00	1.16114	1.16135	1.16113	1.16125	153	0	0
2026.03.05	06:25:00	1.16125	1.16126	1.16072	1.16073	246	0	0
2026.03.05	06:30:00	1.16071	1.16102	1.16063	1.16083	217	0	0
2026.03.05	06:35:00	1.16084	1.16095	1.16078	1.16093	206	0	0
2026.03.05	06:40:00	1.16096	1.16098	1.16075	1.16080	167	0	0
2026.03.05	06:45:00	1.16080	1.16084	1.16056	1.16066	207	0	0
2026.03.05	06:50:00	1.16066	1.16088	1.16063	1.16088	200	0	0
2026.03.05	06:55:00	1.16088	1.16100	1.16077	1.16084	223	0	0
2026.03.05	07:00:00	1.16084	1.16086	1.16069	1.16084	303	0	0
2026.03.05	07:05:00	1.16084	1.16103	1.16078	1.16097	172	0	0
2026.03.05	07:10:00	1.16097	1.16129	1.16090	1.16105	221	0	0
2026.03.05	07:15:00	1.16106	1.16114	1.16087	1.16093	175	0	0
2026.03.05	07:20:00	1.16092	1.16119	1.16084	1.16113	195	0	0
2026.03.05	07:25:00	1.16114	1.16139	1.16109	1.16114	217	0	0
2026.03.05	07:30:00	1.16115	1.16120	1.16068	1.16081	355	0	0
2026.03.05	07:35:00	1.16081	1.16090	1.16041	1.16052	289	0	0
2026.03.05	07:40:00	1.16052	1.16067	1.16039	1.16062	286	0	0
2026.03.05	07:45:00	1.16062	1.16064	1.16014	1.16021	341	0	0
2026.03.05	07:50:00	1.16021	1.16021	1.15976	1.15981	346	0	0
2026.03.05	07:55:00	1.15981	1.15989	1.15941	1.15945	415	0	0
2026.03.05	08:00:00	1.15945	1.15957	1.15920	1.15944	483	0	0
2026.03.05	08:05:00	1.15941	1.15948	1.15891	1.15906	454	0	0
2026.03.05	08:10:00	1.15906	1.15927	1.15882	1.15898	513	0	0
2026.03.05	08:15:00	1.15898	1.15935	1.15877	1.15930	370	0	0
2026.03.05	08:20:00	1.15929	1.15953	1.15904	1.15949	366	0	0
2026.03.05	08:25:00	1.15947	1.15959	1.15937	1.15947	277	0	0
2026.03.05	08:30:00	1.15947	1.15968	1.15927	1.15968	302	0	0
2026.03.05	08:35:00	1.15967	1.16000	1.15962	1.15995	321	0	0
2026.03.05	08:40:00	1.15995	1.16009	1.15979	1.15995	296	0	0
2026.03.05	08:45:00	1.15995	1.16106	1.15956	1.16106	384	0	0
2026.03.05	08:50:00	1.16105	1.16162	1.16024	1.16025	977	0	0
2026.03.05	08:55:00	1.16026	1.16077	1.16015	1.16068	453	0	0
2026.03.05	09:00:00	1.16069	1.16107	1.16049	1.16054	445	0	0
2026.03.05	09:05:00	1.16053	1.16069	1.16036	1.16044	423	0	0
2026.03.05	09:10:00	1.16044	1.16119	1.16024	1.16038	546	0	0
2026.03.05	09:15:00	1.16038	1.16048	1.15991	1.16042	602	0	0
2026.03.05	09:20:00	1.16044	1.16078	1.16036	1.16059	489	0	0
2026.03.05	09:25:00	1.16059	1.16092	1.16056	1.16085	336	0	0
2026.03.05	09:30:00	1.16085	1.16110	1.16074	1.16104	419	0	0
2026.03.05	09:35:00	1.16103	1.16140	1.16103	1.16132	354	0	0
2026.03.05	09:40:00	1.16131	1.16162	1.16126	1.16132	353	0	0
2026.03.05	09:45:00	1.16132	1.16132	1.16090	1.16090	394	0	0
2026.03.05	09:50:00	1.16089	1.16099	1.16015	1.16022	431	0	0
2026.03.05	09:55:00	1.16023	1.16087	1.16013	1.16049	582	0	0
2026.03.05	10:00:00	1.16049	1.16050	1.15930	1.15939	785	0	0
2026.03.05	10:05:00	1.15939	1.16017	1.15933	1.15954	655	0	0
2026.03.05	10:10:00	1.15954	1.15958	1.15892	1.15913	679	0	0
2026.03.05	10:15:00	1.15913	1.15977	1.15904	1.15922	556	0	0
2026.03.05	10:20:00	1.15921	1.15933	1.15856	1.15887	588	0	0
2026.03.05	10:25:00	1.15887	1.15896	1.15825	1.15832	566	0	0
2026.03.05	10:30:00	1.15832	1.15879	1.15816	1.15869	543	0	0
2026.03.05	10:35:00	1.15868	1.15926	1.15861	1.15905	390	0	0
2026.03.05	10:40:00	1.15905	1.15945	1.15891	1.15940	359	0	0
2026.03.05	10:45:00	1.15940	1.15980	1.15939	1.15968	322	0	0
2026.03.05	10:50:00	1.15968	1.15995	1.15934	1.15962	363	0	0
2026.03.05	10:55:00	1.15965	1.16005	1.15958	1.15988	388	0	0
2026.03.05	11:00:00	1.15987	1.16073	1.15965	1.16072	508	0	0
2026.03.05	11:05:00	1.16072	1.16446	1.16065	1.16336	1528	0	0
2026.03.05	11:10:00	1.16341	1.16414	1.16258	1.16409	1303	0	0
2026.03.05	11:15:00	1.16411	1.16426	1.16241	1.16269	1073	0	0
2026.03.05	11:20:00	1.16269	1.16365	1.16262	1.16345	1179	0	0
2026.03.05	11:25:00	1.16345	1.16379	1.16245	1.16271	825	0	0
2026.03.05	11:30:00	1.16271	1.16271	1.16200	1.16223	790	0	0
2026.03.05	11:35:00	1.16223	1.16248	1.16161	1.16164	842	0	0
2026.03.05	11:40:00	1.16165	1.16224	1.16144	1.16214	718	0	0
2026.03.05	11:45:00	1.16217	1.16234	1.16167	1.16233	725	0	0
2026.03.05	11:50:00	1.16239	1.16242	1.16155	1.16163	632	0	0
2026.03.05	11:55:00	1.16164	1.16242	1.16153	1.16228	481	0	0
2026.03.05	12:00:00	1.16227	1.16287	1.16222	1.16263	506	0	0
2026.03.05	12:05:00	1.16266	1.16316	1.16243	1.16248	628	0	0
2026.03.05	12:10:00	1.16247	1.16272	1.16232	1.16238	459	0	0
2026.03.05	12:15:00	1.16240	1.16247	1.16203	1.16232	395	0	0
2026.03.05	12:20:00	1.16232	1.16239	1.16202	1.16204	310	0	0
2026.03.05	12:25:00	1.16204	1.16215	1.16187	1.16208	445	0	0
2026.03.05	12:30:00	1.16208	1.16213	1.16150	1.16163	417	0	0
2026.03.05	12:35:00	1.16163	1.16176	1.16115	1.16122	389	0	0
2026.03.05	12:40:00	1.16122	1.16122	1.16070	1.16093	344	0	0
2026.03.05	12:45:00	1.16093	1.16110	1.16068	1.16073	327	0	0
2026.03.05	12:50:00	1.16072	1.16120	1.16063	1.16108	311	0	0
2026.03.05	12:55:00	1.16109	1.16143	1.16098	1.16109	373	0	0
2026.03.05	13:00:00	1.16110	1.16173	1.16063	1.16144	587	0	0
2026.03.05	13:05:00	1.16144	1.16155	1.16121	1.16144	306	0	0
2026.03.05	13:10:00	1.16144	1.16147	1.16111	1.16145	238	0	0
2026.03.05	13:15:00	1.16144	1.16166	1.16106	1.16110	201	0	0
2026.03.05	13:20:00	1.16110	1.16126	1.16074	1.16074	250	0	0
2026.03.05	13:25:00	1.16074	1.16119	1.16067	1.16088	233	0	0
2026.03.05	13:30:00	1.16086	1.16096	1.16060	1.16086	232	0	0
2026.03.05	13:35:00	1.16086	1.16108	1.16046	1.16049	281	0	0
2026.03.05	13:40:00	1.16049	1.16069	1.16038	1.16057	260	0	0
2026.03.05	13:45:00	1.16058	1.16086	1.16055	1.16074	230	0	0
2026.03.05	13:50:00	1.16074	1.16109	1.16066	1.16080	389	0	0
2026.03.05	13:55:00	1.16080	1.16123	1.16068	1.16114	378	0	0
2026.03.05	14:00:00	1.16114	1.16126	1.16074	1.16085	302	0	0
2026.03.05	14:05:00	1.16085	1.16126	1.16082	1.16087	297	0	0
2026.03.05	14:10:00	1.16086	1.16102	1.16076	1.16088	225	0	0
2026.03.05	14:15:00	1.16089	1.16167	1.16086	1.16166	236	0	0
2026.03.05	14:20:00	1.16166	1.16240	1.16163	1.16194	567	0	0
2026.03.05	14:25:00	1.16194	1.16195	1.16146	1.16171	273	0	0
2026.03.05	14:30:00	1.16170	1.16229	1.16156	1.16220	383	0	0
2026.03.05	14:35:00	1.16220	1.16249	1.16199	1.16230	295	0	0
2026.03.05	14:40:00	1.16230	1.16249	1.16198	1.16198	306	0	0
2026.03.05	14:45:00	1.16197	1.16209	1.16147	1.16153	295	0	0
2026.03.05	14:50:00	1.16153	1.16162	1.16091	1.16143	469	0	0
2026.03.05	14:55:00	1.16143	1.16222	1.16138	1.16205	483	0	0
2026.03.05	15:00:00	1.16204	1.16206	1.16173	1.16194	503	0	0
2026.03.05	15:05:00	1.16194	1.16205	1.16164	1.16184	430	0	0
2026.03.05	15:10:00	1.16183	1.16244	1.16179	1.16227	342	0	0
2026.03.05	15:15:00	1.16226	1.16244	1.16187	1.16203	380	0	0
2026.03.05	15:20:00	1.16203	1.16224	1.16115	1.16144	567	0	0
2026.03.05	15:25:00	1.16142	1.16154	1.16115	1.16133	362	0	0
2026.03.05	15:30:00	1.16133	1.16136	1.16071	1.16120	630	0	0
2026.03.05	15:35:00	1.16120	1.16121	1.16022	1.16023	558	0	0
2026.03.05	15:40:00	1.16023	1.16033	1.15981	1.15984	385	0	0
2026.03.05	15:45:00	1.15982	1.15989	1.15898	1.15923	593	0	0
2026.03.05	15:50:00	1.15923	1.16002	1.15918	1.15964	543	0	0
2026.03.05	15:55:00	1.15965	1.15996	1.15957	1.15976	477	0	0
2026.03.05	16:00:00	1.15972	1.16055	1.15963	1.16054	703	0	0
2026.03.05	16:05:00	1.16055	1.16078	1.16024	1.16069	494	0	0
2026.03.05	16:10:00	1.16070	1.16088	1.16002	1.16003	399	0	0
2026.03.05	16:15:00	1.16003	1.16026	1.15978	1.16005	423	0	0
2026.03.05	16:20:00	1.16005	1.16036	1.15974	1.16004	437	0	0
2026.03.05	16:25:00	1.16005	1.16020	1.15974	1.16004	509	0	0
2026.03.05	16:30:00	1.16004	1.16075	1.16003	1.16071	638	0	0
2026.03.05	16:35:00	1.16071	1.16075	1.15935	1.15948	559	0	0
2026.03.05	16:40:00	1.15948	1.16008	1.15934	1.15951	740	0	0
2026.03.05	16:45:00	1.15951	1.16019	1.15924	1.15997	616	0	0
2026.03.05	16:50:00	1.15995	1.16025	1.15971	1.15989	629	0	0
2026.03.05	16:55:00	1.15989	1.16061	1.15985	1.16026	796	0	0
2026.03.05	17:00:00	1.16028	1.16092	1.16025	1.16069	759	0	0
2026.03.05	17:05:00	1.16069	1.16072	1.15963	1.15999	662	0	0
2026.03.05	17:10:00	1.15997	1.16016	1.15956	1.16015	713	0	0
2026.03.05	17:15:00	1.16010	1.16026	1.15887	1.15920	686	0	0
2026.03.05	17:20:00	1.15918	1.15938	1.15866	1.15873	549	0	0
2026.03.05	17:25:00	1.15873	1.15874	1.15779	1.15803	747	0	0
2026.03.05	17:30:00	1.15803	1.15819	1.15780	1.15817	631	0	0
2026.03.05	17:35:00	1.15817	1.15826	1.15695	1.15706	754	0	0
2026.03.05	17:40:00	1.15706	1.15770	1.15692	1.15725	706	0	0
2026.03.05	17:45:00	1.15725	1.15768	1.15712	1.15716	690	0	0
2026.03.05	17:50:00	1.15716	1.15807	1.15715	1.15774	584	0	0
2026.03.05	17:55:00	1.15774	1.15850	1.15773	1.15831	617	0	0
2026.03.05	18:00:00	1.15831	1.15868	1.15754	1.15754	647	0	0
2026.03.05	18:05:00	1.15753	1.15754	1.15661	1.15679	778	0	0
2026.03.05	18:10:00	1.15680	1.15761	1.15661	1.15743	721	0	0
2026.03.05	18:15:00	1.15743	1.15750	1.15693	1.15694	647	0	0
2026.03.05	18:20:00	1.15693	1.15736	1.15619	1.15633	686	0	0
2026.03.05	18:25:00	1.15633	1.15659	1.15588	1.15612	751	0	0
2026.03.05	18:30:00	1.15612	1.15705	1.15599	1.15688	720	0	0
2026.03.05	18:35:00	1.15688	1.15750	1.15665	1.15745	643	0	0
2026.03.05	18:40:00	1.15745	1.15814	1.15718	1.15798	679	0	0
2026.03.05	18:45:00	1.15798	1.15811	1.15753	1.15785	612	0	0
2026.03.05	18:50:00	1.15784	1.15795	1.15719	1.15764	586	0	0
2026.03.05	18:55:00	1.15763	1.15838	1.15763	1.15838	482	0	0
2026.03.05	19:00:00	1.15838	1.15876	1.15803	1.15860	639	0	0
2026.03.05	19:05:00	1.15859	1.15866	1.15796	1.15810	543	0	0
2026.03.05	19:10:00	1.15807	1.15813	1.15750	1.15780	624	0	0
2026.03.05	19:15:00	1.15782	1.15793	1.15759	1.15775	523	0	0
2026.03.05	19:20:00	1.15775	1.15889	1.15774	1.15868	585	0	0
2026.03.05	19:25:00	1.15868	1.15869	1.15803	1.15806	586	0	0
2026.03.05	19:30:00	1.15804	1.15804	1.15733	1.15739	654	0	0
2026.03.05	19:35:00	1.15738	1.15898	1.15725	1.15896	926	0	0
2026.03.05	19:40:00	1.15896	1.15919	1.15814	1.15851	978	0	0
2026.03.05	19:45:00	1.15852	1.15874	1.15783	1.15829	642	0	0
2026.03.05	19:50:00	1.15829	1.15887	1.15812	1.15815	678	0	0
2026.03.05	19:55:00	1.15811	1.15895	1.15805	1.15879	734	0	0
2026.03.05	20:00:00	1.15878	1.15897	1.15842	1.15844	824	0	0
2026.03.05	20:05:00	1.15844	1.15879	1.15840	1.15858	665	0	0
2026.03.05	20:10:00	1.15858	1.15870	1.15818	1.15852	651	0	0
2026.03.05	20:15:00	1.15849	1.15859	1.15736	1.15736	659	0	0
2026.03.05	20:20:00	1.15736	1.15849	1.15712	1.15828	735	0	0
2026.03.05	20:25:00	1.15829	1.15841	1.15769	1.15829	680	0	0
2026.03.05	20:30:00	1.15828	1.15876	1.15827	1.15846	709	0	0
2026.03.05	20:35:00	1.15846	1.15889	1.15827	1.15883	565	0	0
2026.03.05	20:40:00	1.15883	1.15917	1.15849	1.15907	517	0	0
2026.03.05	20:45:00	1.15907	1.15908	1.15846	1.15864	608	0	0
2026.03.05	20:50:00	1.15865	1.15868	1.15819	1.15845	400	0	0
2026.03.05	20:55:00	1.15848	1.15872	1.15829	1.15861	573	0	0
2026.03.05	21:00:00	1.15861	1.15881	1.15844	1.15858	539	0	0
2026.03.05	21:05:00	1.15857	1.15873	1.15840	1.15848	346	0	0
2026.03.05	21:10:00	1.15848	1.15856	1.15833	1.15853	456	0	0
2026.03.05	21:15:00	1.15853	1.15853	1.15794	1.15824	437	0	0
2026.03.05	21:20:00	1.15825	1.15856	1.15802	1.15817	463	0	0
2026.03.05	21:25:00	1.15816	1.15822	1.15764	1.15783	539	0	0
2026.03.05	21:30:00	1.15781	1.15781	1.15727	1.15744	463	0	0
2026.03.05	21:35:00	1.15745	1.15752	1.15712	1.15734	448	0	0
2026.03.05	21:40:00	1.15734	1.15784	1.15734	1.15769	417	0	0
2026.03.05	21:45:00	1.15769	1.15769	1.15727	1.15749	409	0	0
2026.03.05	21:50:00	1.15749	1.15780	1.15719	1.15725	411	0	0
2026.03.05	21:55:00	1.15725	1.15730	1.15701	1.15729	329	0	0
2026.03.05	22:00:00	1.15729	1.15797	1.15702	1.15784	475	0	0
2026.03.05	22:05:00	1.15785	1.15905	1.15749	1.15887	825	0	0
2026.03.05	22:10:00	1.15887	1.16029	1.15886	1.16021	969	0	0
2026.03.05	22:15:00	1.16021	1.16085	1.15962	1.15962	813	0	0
2026.03.05	22:20:00	1.15963	1.16028	1.15953	1.16028	638	0	0
2026.03.05	22:25:00	1.16029	1.16105	1.16027	1.16042	712	0	0
2026.03.05	22:30:00	1.16041	1.16087	1.16008	1.16053	702	0	0
2026.03.05	22:35:00	1.16052	1.16095	1.16051	1.16068	634	0	0
2026.03.05	22:40:00	1.16068	1.16076	1.16035	1.16048	587	0	0
2026.03.05	22:45:00	1.16048	1.16068	1.15996	1.16067	503	0	0
2026.03.05	22:50:00	1.16068	1.16083	1.16040	1.16077	517	0	0
2026.03.05	22:55:00	1.16078	1.16078	1.16024	1.16047	394	0	0
2026.03.05	23:00:00	1.16046	1.16081	1.16033	1.16075	260	0	0
2026.03.05	23:05:00	1.16075	1.16104	1.16072	1.16103	206	0	0
2026.03.05	23:10:00	1.16103	1.16105	1.16060	1.16065	206	0	0
2026.03.05	23:15:00	1.16065	1.16068	1.16038	1.16041	127	0	0
2026.03.05	23:20:00	1.16045	1.16054	1.16029	1.16035	144	0	0
2026.03.05	23:25:00	1.16035	1.16061	1.16026	1.16060	212	0	0
2026.03.05	23:30:00	1.16060	1.16074	1.16035	1.16035	157	0	0
2026.03.05	23:35:00	1.16035	1.16046	1.16018	1.16045	155	0	0
2026.03.05	23:40:00	1.16045	1.16050	1.16032	1.16049	158	0	0
2026.03.05	23:45:00	1.16049	1.16053	1.16029	1.16052	179	0	0
2026.03.05	23:50:00	1.16053	1.16080	1.16047	1.16074	174	0	0
2026.03.05	23:55:00	1.16077	1.16096	1.16076	1.16082	211	0	0
2026.03.06	00:00:00	1.16079	1.16085	1.16059	1.16064	15	0	15
2026.03.06	00:05:00	1.16058	1.16065	1.16058	1.16063	15	0	24
2026.03.06	00:10:00	1.16074	1.16074	1.16062	1.16063	138	0	14
2026.03.06	00:15:00	1.16063	1.16079	1.16063	1.16079	17	0	14
2026.03.06	00:20:00	1.16079	1.16087	1.16078	1.16078	19	0	10
2026.03.06	00:25:00	1.16078	1.16087	1.16076	1.16076	21	0	8
2026.03.06	00:30:00	1.16076	1.16078	1.16076	1.16077	7	0	7
2026.03.06	00:35:00	1.16077	1.16077	1.16067	1.16069	17	0	4
2026.03.06	00:40:00	1.16069	1.16071	1.16067	1.16070	18	0	5
2026.03.06	00:45:00	1.16070	1.16076	1.16070	1.16076	79	0	1
2026.03.06	00:50:00	1.16075	1.16077	1.16073	1.16074	38	0	0
2026.03.06	00:55:00	1.16074	1.16074	1.16064	1.16070	34	0	0
2026.03.06	01:00:00	1.16069	1.16087	1.16061	1.16061	221	0	0
2026.03.06	01:05:00	1.16060	1.16077	1.16032	1.16063	137	0	0
2026.03.06	01:10:00	1.16064	1.16085	1.16063	1.16079	108	0	0
2026.03.06	01:15:00	1.16079	1.16090	1.16066	1.16082	143	0	0
2026.03.06	01:20:00	1.16083	1.16097	1.16081	1.16093	74	0	0
2026.03.06	01:25:00	1.16094	1.16094	1.16077	1.16084	146	0	0
2026.03.06	01:30:00	1.16084	1.16091	1.16075	1.16084	188	0	0
2026.03.06	01:35:00	1.16085	1.16098	1.16079	1.16094	113	0	0
2026.03.06	01:40:00	1.16094	1.16097	1.16086	1.16093	133	0	0
2026.03.06	01:45:00	1.16093	1.16104	1.16082	1.16088	179	0	0
2026.03.06	01:50:00	1.16087	1.16091	1.16079	1.16090	157	0	0
2026.03.06	01:55:00	1.16090	1.16090	1.16065	1.16067	164	0	0
2026.03.06	02:00:00	1.16063	1.16095	1.16055	1.16095	369	0	0
2026.03.06	02:05:00	1.16094	1.16107	1.16084	1.16100	209	0	0
2026.03.06	02:10:00	1.16099	1.16105	1.16084	1.16093	167	0	0
2026.03.06	02:15:00	1.16092	1.16134	1.16091	1.16134	184	0	0
2026.03.06	02:20:00	1.16134	1.16143	1.16123	1.16129	195	0	0
2026.03.06	02:25:00	1.16129	1.16144	1.16123	1.16135	155	0	0
2026.03.06	02:30:00	1.16135	1.16141	1.16109	1.16119	234	0	0
2026.03.06	02:35:00	1.16119	1.16125	1.16093	1.16094	196	0	0
2026.03.06	02:40:00	1.16094	1.16114	1.16093	1.16112	189	0	0
2026.03.06	02:45:00	1.16112	1.16126	1.16105	1.16116	199	0	0
2026.03.06	02:50:00	1.16115	1.16124	1.16110	1.16122	224	0	0
2026.03.06	02:55:00	1.16124	1.16127	1.16100	1.16111	274	0	0
2026.03.06	03:00:00	1.16112	1.16122	1.16089	1.16103	429	0	0
2026.03.06	03:05:00	1.16100	1.16145	1.16099	1.16144	300	0	0
2026.03.06	03:10:00	1.16145	1.16160	1.16135	1.16156	233	0	0
2026.03.06	03:15:00	1.16156	1.16164	1.16139	1.16156	242	0	0
2026.03.06	03:20:00	1.16157	1.16160	1.16101	1.16110	261	0	0
2026.03.06	03:25:00	1.16113	1.16116	1.16070	1.16074	245	0	0
2026.03.06	03:30:00	1.16074	1.16157	1.16074	1.16154	425	0	0
2026.03.06	03:35:00	1.16155	1.16185	1.16143	1.16156	518	0	0
2026.03.06	03:40:00	1.16157	1.16165	1.16146	1.16150	354	0	0
2026.03.06	03:45:00	1.16150	1.16169	1.16133	1.16165	290	0	0
2026.03.06	03:50:00	1.16165	1.16194	1.16162	1.16183	298	0	0
2026.03.06	03:55:00	1.16184	1.16203	1.16148	1.16151	389	0	0
2026.03.06	04:00:00	1.16150	1.16195	1.16144	1.16175	353	0	0
2026.03.06	04:05:00	1.16173	1.16176	1.16148	1.16155	236	0	0
2026.03.06	04:10:00	1.16155	1.16179	1.16144	1.16175	222	0	0
2026.03.06	04:15:00	1.16175	1.16207	1.16174	1.16190	173	0	0
2026.03.06	04:20:00	1.16190	1.16199	1.16182	1.16184	137	0	0
2026.03.06	04:25:00	1.16183	1.16192	1.16180	1.16192	192	0	0
2026.03.06	04:30:00	1.16192	1.16202	1.16176	1.16176	229	0	0
2026.03.06	04:35:00	1.16176	1.16182	1.16161	1.16167	226	0	0
2026.03.06	04:40:00	1.16166	1.16184	1.16165	1.16181	170	0	0
2026.03.06	04:45:00	1.16180	1.16191	1.16158	1.16169	224	0	0
2026.03.06	04:50:00	1.16169	1.16172	1.16154	1.16157	199	0	0
2026.03.06	04:55:00	1.16157	1.16175	1.16153	1.16165	171	0	0
2026.03.06	05:00:00	1.16165	1.16201	1.16162	1.16186	243	0	0
2026.03.06	05:05:00	1.16186	1.16200	1.16173	1.16175	202	0	0
2026.03.06	05:10:00	1.16174	1.16183	1.16169	1.16175	159	0	0
2026.03.06	05:15:00	1.16174	1.16179	1.16164	1.16169	151	0	0
2026.03.06	05:20:00	1.16170	1.16207	1.16166	1.16195	198	0	0
2026.03.06	05:25:00	1.16195	1.16204	1.16188	1.16195	195	0	0
2026.03.06	05:30:00	1.16195	1.16199	1.16165	1.16175	214	0	0
2026.03.06	05:35:00	1.16175	1.16186	1.16173	1.16179	160	0	0
2026.03.06	05:40:00	1.16179	1.16187	1.16163	1.16174	89	0	0
2026.03.06	05:45:00	1.16174	1.16208	1.16170	1.16200	183	0	0
2026.03.06	05:50:00	1.16201	1.16205	1.16184	1.16195	111	0	0
2026.03.06	05:55:00	1.16195	1.16202	1.16191	1.16202	89	0	0
2026.03.06	06:00:00	1.16201	1.16203	1.16184	1.16186	166	0	0
2026.03.06	06:05:00	1.16182	1.16201	1.16182	1.16196	156	0	0
2026.03.06	06:10:00	1.16196	1.16204	1.16193	1.16194	132	0	0
2026.03.06	06:15:00	1.16194	1.16208	1.16188	1.16195	87	0	0
2026.03.06	06:20:00	1.16196	1.16196	1.16180	1.16185	87	0	0
2026.03.06	06:25:00	1.16185	1.16204	1.16184	1.16201	93	0	0
2026.03.06	06:30:00	1.16201	1.16212	1.16195	1.16210	78	0	0
2026.03.06	06:35:00	1.16209	1.16209	1.16184	1.16185	153	0	0
2026.03.06	06:40:00	1.16187	1.16190	1.16173	1.16179	228	0	0
2026.03.06	06:45:00	1.16179	1.16179	1.16167	1.16174	87	0	0
2026.03.06	06:50:00	1.16174	1.16179	1.16144	1.16150	133	0	0
2026.03.06	06:55:00	1.16150	1.16150	1.16131	1.16136	115	0	0
2026.03.06	07:00:00	1.16136	1.16137	1.16119	1.16129	289	0	0
2026.03.06	07:05:00	1.16129	1.16148	1.16123	1.16134	169	0	0
2026.03.06	07:10:00	1.16134	1.16140	1.16119	1.16121	113	0	0
2026.03.06	07:15:00	1.16121	1.16126	1.16112	1.16117	178	0	0
2026.03.06	07:20:00	1.16117	1.16135	1.16106	1.16132	217	0	0
2026.03.06	07:25:00	1.16132	1.16133	1.16117	1.16122	160	0	0
2026.03.06	07:30:00	1.16122	1.16122	1.16097	1.16101	305	0	0
2026.03.06	07:35:00	1.16101	1.16139	1.16098	1.16138	187	0	0
2026.03.06	07:40:00	1.16138	1.16167	1.16130	1.16159	206	0	0
2026.03.06	07:45:00	1.16159	1.16159	1.16069	1.16082	477	0	0
2026.03.06	07:50:00	1.16083	1.16096	1.16070	1.16081	338	0	0
2026.03.06	07:55:00	1.16080	1.16093	1.16057	1.16065	314	0	0
2026.03.06	08:00:00	1.16065	1.16091	1.16027	1.16034	354	0	0
2026.03.06	08:05:00	1.16033	1.16076	1.16019	1.16065	278	0	0
2026.03.06	08:10:00	1.16065	1.16066	1.16044	1.16044	320	0	0
2026.03.06	08:15:00	1.16043	1.16067	1.16038	1.16063	204	0	0
2026.03.06	08:20:00	1.16063	1.16085	1.16059	1.16079	243	0	0
2026.03.06	08:25:00	1.16079	1.16080	1.16053	1.16057	244	0	0
2026.03.06	08:30:00	1.16057	1.16065	1.16053	1.16064	213	0	0
2026.03.06	08:35:00	1.16064	1.16085	1.16047	1.16081	231	0	0
2026.03.06	08:40:00	1.16081	1.16093	1.16063	1.16064	248	0	0
2026.03.06	08:45:00	1.16063	1.16115	1.16059	1.16100	227	0	0
2026.03.06	08:50:00	1.16101	1.16119	1.16095	1.16110	202	0	0
2026.03.06	08:55:00	1.16109	1.16120	1.16101	1.16117	183	0	0
2026.03.06	09:00:00	1.16117	1.16132	1.16089	1.16091	257	0	0
2026.03.06	09:05:00	1.16091	1.16115	1.16065	1.16078	271	0	0
2026.03.06	09:10:00	1.16077	1.16086	1.16070	1.16082	170	0	0
2026.03.06	09:15:00	1.16083	1.16135	1.16076	1.16115	298	0	0
2026.03.06	09:20:00	1.16115	1.16182	1.16114	1.16160	241	0	0
2026.03.06	09:25:00	1.16160	1.16165	1.16114	1.16116	238	0	0
2026.03.06	09:30:00	1.16115	1.16140	1.16094	1.16135	237	0	0
2026.03.06	09:35:00	1.16135	1.16149	1.16114	1.16136	335	0	0
2026.03.06	09:40:00	1.16134	1.16160	1.16123	1.16145	263	0	0
2026.03.06	09:45:00	1.16145	1.16162	1.16134	1.16155	197	0	0
2026.03.06	09:50:00	1.16155	1.16155	1.16110	1.16115	210	0	0
2026.03.06	09:55:00	1.16117	1.16150	1.16113	1.16145	324	0	0
2026.03.06	10:00:00	1.16146	1.16147	1.16069	1.16079	463	0	0
2026.03.06	10:05:00	1.16082	1.16123	1.16082	1.16100	376	0	0
2026.03.06	10:10:00	1.16100	1.16114	1.16040	1.16105	546	0	0
2026.03.06	10:15:00	1.16105	1.16135	1.16050	1.16077	523	0	0
2026.03.06	10:20:00	1.16077	1.16079	1.16034	1.16053	344	0	0
2026.03.06	10:25:00	1.16054	1.16061	1.16028	1.16038	300	0	0
2026.03.06	10:30:00	1.16039	1.16086	1.16032	1.16083	305	0	0
2026.03.06	10:35:00	1.16084	1.16114	1.16073	1.16114	241	0	0
2026.03.06	10:40:00	1.16113	1.16141	1.16095	1.16098	313	0	0
2026.03.06	10:45:00	1.16098	1.16120	1.16071	1.16073	341	0	0
2026.03.06	10:50:00	1.16073	1.16078	1.16057	1.16078	231	0	0
2026.03.06	10:55:00	1.16076	1.16080	1.16016	1.16030	345	0	0
2026.03.06	11:00:00	1.16030	1.16030	1.15954	1.15958	491	0	0
2026.03.06	11:05:00	1.15958	1.15996	1.15936	1.15944	377	0	0
2026.03.06	11:10:00	1.15944	1.15949	1.15903	1.15910	540	0	0
2026.03.06	11:15:00	1.15909	1.15924	1.15866	1.15875	529	0	0
2026.03.06	11:20:00	1.15875	1.15878	1.15834	1.15849	526	0	0
2026.03.06	11:25:00	1.15849	1.15858	1.15828	1.15835	462	0	0
2026.03.06	11:30:00	1.15835	1.15846	1.15801	1.15803	518	0	0
2026.03.06	11:35:00	1.15802	1.15806	1.15763	1.15786	584	0	0
2026.03.06	11:40:00	1.15786	1.15795	1.15755	1.15778	513	0	0
2026.03.06	11:45:00	1.15779	1.15802	1.15746	1.15769	568	0	0
2026.03.06	11:50:00	1.15769	1.15773	1.15718	1.15766	589	0	0
2026.03.06	11:55:00	1.15768	1.15781	1.15742	1.15742	390	0	0
2026.03.06	12:00:00	1.15742	1.15806	1.15729	1.15782	458	0	0
2026.03.06	12:05:00	1.15783	1.15827	1.15782	1.15815	330	0	0
2026.03.06	12:10:00	1.15815	1.15821	1.15774	1.15781	327	0	0
2026.03.06	12:15:00	1.15782	1.15813	1.15772	1.15798	368	0	0
2026.03.06	12:20:00	1.15798	1.15822	1.15786	1.15791	252	0	0
2026.03.06	12:25:00	1.15791	1.15849	1.15755	1.15806	405	0	0
2026.03.06	12:30:00	1.15806	1.15820	1.15767	1.15785	517	0	0
2026.03.06	12:35:00	1.15786	1.15840	1.15785	1.15824	345	0	0
2026.03.06	12:40:00	1.15824	1.15824	1.15768	1.15769	272	0	0
2026.03.06	12:45:00	1.15769	1.15807	1.15762	1.15795	296	0	0
2026.03.06	12:50:00	1.15794	1.15837	1.15794	1.15819	287	0	0
2026.03.06	12:55:00	1.15820	1.15836	1.15784	1.15784	338	0	0
2026.03.06	13:00:00	1.15784	1.15795	1.15753	1.15761	412	0	0
2026.03.06	13:05:00	1.15761	1.15762	1.15679	1.15682	439	0	0
2026.03.06	13:10:00	1.15680	1.15813	1.15664	1.15804	691	0	0
2026.03.06	13:15:00	1.15804	1.15810	1.15741	1.15781	411	0	0
2026.03.06	13:20:00	1.15781	1.15807	1.15774	1.15795	278	0	0
2026.03.06	13:25:00	1.15794	1.15807	1.15760	1.15783	361	0	0
2026.03.06	13:30:00	1.15782	1.15785	1.15732	1.15742	391	0	0
2026.03.06	13:35:00	1.15742	1.15743	1.15711	1.15718	365	0	0
2026.03.06	13:40:00	1.15719	1.15734	1.15642	1.15659	598	0	0
2026.03.06	13:45:00	1.15659	1.15688	1.15644	1.15681	556	0	0
2026.03.06	13:50:00	1.15681	1.15691	1.15638	1.15651	516	0	0
2026.03.06	13:55:00	1.15651	1.15655	1.15612	1.15626	536	0	0
2026.03.06	14:00:00	1.15625	1.15653	1.15578	1.15580	571	0	0
2026.03.06	14:05:00	1.15580	1.15609	1.15546	1.15548	469	0	0
2026.03.06	14:10:00	1.15548	1.15550	1.15523	1.15528	440	0	0
2026.03.06	14:15:00	1.15528	1.15627	1.15528	1.15624	416	0	0
2026.03.06	14:20:00	1.15624	1.15640	1.15565	1.15591	374	0	0
2026.03.06	14:25:00	1.15591	1.15629	1.15588	1.15624	299	0	0
2026.03.06	14:30:00	1.15624	1.15680	1.15623	1.15659	396	0	0
2026.03.06	14:35:00	1.15660	1.15664	1.15608	1.15664	489	0	0
2026.03.06	14:40:00	1.15665	1.15688	1.15643	1.15648	459	0	0
2026.03.06	14:45:00	1.15648	1.15668	1.15573	1.15583	422	0	0
2026.03.06	14:50:00	1.15584	1.15624	1.15583	1.15603	503	0	0
2026.03.06	14:55:00	1.15603	1.15626	1.15542	1.15549	552	0	0
2026.03.06	15:00:00	1.15547	1.15620	1.15545	1.15578	588	0	0
2026.03.06	15:05:00	1.15578	1.15646	1.15561	1.15613	518	0	0
2026.03.06	15:10:00	1.15612	1.15657	1.15605	1.15644	553	0	0
2026.03.06	15:15:00	1.15643	1.15675	1.15634	1.15664	412	0	0
2026.03.06	15:20:00	1.15663	1.15673	1.15617	1.15634	480	0	0
2026.03.06	15:25:00	1.15635	1.15665	1.15625	1.15645	401	0	0
2026.03.06	15:30:00	1.15643	1.15924	1.15637	1.15899	1750	0	0
2026.03.06	15:35:00	1.15893	1.15925	1.15799	1.15922	1388	0	0
2026.03.06	15:40:00	1.15922	1.15928	1.15800	1.15902	1237	0	0
2026.03.06	15:45:00	1.15899	1.15905	1.15719	1.15752	1463	0	0
2026.03.06	15:50:00	1.15752	1.15784	1.15584	1.15597	1458	0	0
2026.03.06	15:55:00	1.15598	1.15606	1.15507	1.15551	1243	0	0
2026.03.06	16:00:00	1.15550	1.15629	1.15528	1.15574	1244	0	0
2026.03.06	16:05:00	1.15573	1.15581	1.15467	1.15489	994	0	0
2026.03.06	16:10:00	1.15488	1.15585	1.15474	1.15566	889	0	0
2026.03.06	16:15:00	1.15563	1.15572	1.15490	1.15510	784	0	0
2026.03.06	16:20:00	1.15509	1.15546	1.15460	1.15484	926	0	0
2026.03.06	16:25:00	1.15485	1.15590	1.15473	1.15576	730	0	0
2026.03.06	16:30:00	1.15577	1.15686	1.15576	1.15660	1068	0	0
2026.03.06	16:35:00	1.15660	1.15675	1.15541	1.15608	1257	0	0
2026.03.06	16:40:00	1.15603	1.15704	1.15595	1.15665	1119	0	0
2026.03.06	16:45:00	1.15664	1.15699	1.15628	1.15654	1191	0	0
2026.03.06	16:50:00	1.15654	1.15747	1.15637	1.15709	1059	0	0
2026.03.06	16:55:00	1.15709	1.15746	1.15687	1.15721	777	0	0
2026.03.06	17:00:00	1.15720	1.15929	1.15719	1.15859	1401	0	0
2026.03.06	17:05:00	1.15860	1.15878	1.15751	1.15779	1169	0	0
2026.03.06	17:10:00	1.15779	1.15902	1.15776	1.15900	885	0	0
2026.03.06	17:15:00	1.15900	1.15928	1.15832	1.15833	920	0	0
2026.03.06	17:20:00	1.15842	1.15890	1.15810	1.15873	872	0	0
2026.03.06	17:25:00	1.15873	1.15873	1.15725	1.15757	963	0	0
2026.03.06	17:30:00	1.15758	1.15855	1.15758	1.15839	984	0	0
2026.03.06	17:35:00	1.15839	1.15852	1.15805	1.15848	749	0	0
2026.03.06	17:40:00	1.15847	1.15847	1.15743	1.15780	900	0	0
2026.03.06	17:45:00	1.15780	1.15821	1.15712	1.15737	755	0	0
2026.03.06	17:50:00	1.15738	1.15749	1.15706	1.15747	695	0	0
2026.03.06	17:55:00	1.15746	1.15809	1.15738	1.15797	706	0	0
2026.03.06	18:00:00	1.15796	1.15937	1.15790	1.15926	665	0	0
2026.03.06	18:05:00	1.15927	1.16001	1.15923	1.15977	764	0	0
2026.03.06	18:10:00	1.15979	1.15989	1.15878	1.15898	728	0	0
2026.03.06	18:15:00	1.15898	1.16045	1.15893	1.16045	766	0	0
2026.03.06	18:20:00	1.16045	1.16070	1.15967	1.15984	753	0	0
2026.03.06	18:25:00	1.15984	1.16000	1.15951	1.15972	558	0	0
2026.03.06	18:30:00	1.15972	1.16014	1.15945	1.15985	749	0	0
2026.03.06	18:35:00	1.15984	1.16092	1.15972	1.16048	673	0	0
2026.03.06	18:40:00	1.16048	1.16088	1.16019	1.16088	662	0	0
2026.03.06	18:45:00	1.16087	1.16131	1.16073	1.16074	692	0	0
2026.03.06	18:50:00	1.16074	1.16127	1.16046	1.16068	654	0	0
2026.03.06	18:55:00	1.16067	1.16076	1.16007	1.16056	806	0	0
2026.03.06	19:00:00	1.16056	1.16086	1.16009	1.16060	839	0	0
2026.03.06	19:05:00	1.16062	1.16064	1.15975	1.16003	730	0	0
2026.03.06	19:10:00	1.16003	1.16016	1.15961	1.15964	591	0	0
2026.03.06	19:15:00	1.15963	1.16026	1.15961	1.16025	628	0	0
2026.03.06	19:20:00	1.16028	1.16095	1.16005	1.16024	759	0	0
2026.03.06	19:25:00	1.16023	1.16024	1.15953	1.15954	627	0	0
2026.03.06	19:30:00	1.15954	1.16017	1.15950	1.16010	463	0	0
2026.03.06	19:35:00	1.16010	1.16011	1.15948	1.15959	489	0	0
2026.03.06	19:40:00	1.15959	1.16002	1.15948	1.15994	513	0	0
2026.03.06	19:45:00	1.15994	1.16044	1.15959	1.16014	663	0	0
2026.03.06	19:50:00	1.16014	1.16056	1.15978	1.15979	593	0	0
2026.03.06	19:55:00	1.15978	1.16021	1.15958	1.15958	589	0	0
2026.03.06	20:00:00	1.15959	1.16042	1.15951	1.15970	899	0	0
2026.03.06	20:05:00	1.15969	1.16066	1.15968	1.16054	745	0	0
2026.03.06	20:10:00	1.16057	1.16172	1.16039	1.16145	617	0	0
2026.03.06	20:15:00	1.16145	1.16197	1.16124	1.16182	823	0	0
2026.03.06	20:20:00	1.16182	1.16215	1.16104	1.16121	766	0	0
2026.03.06	20:25:00	1.16119	1.16119	1.16049	1.16061	555	0	0
2026.03.06	20:30:00	1.16062	1.16104	1.16058	1.16068	535	0	0
2026.03.06	20:35:00	1.16068	1.16073	1.15999	1.16008	475	0	0
2026.03.06	20:40:00	1.16008	1.16040	1.16003	1.16026	300	0	0
2026.03.06	20:45:00	1.16026	1.16044	1.15982	1.15988	466	0	0
2026.03.06	20:50:00	1.15988	1.15990	1.15930	1.15943	437	0	0
2026.03.06	20:55:00	1.15941	1.16021	1.15941	1.15985	403	0	0
2026.03.06	21:00:00	1.15989	1.15994	1.15968	1.15985	405	0	0
2026.03.06	21:05:00	1.15985	1.16049	1.15971	1.16029	401	0	0
2026.03.06	21:10:00	1.16028	1.16066	1.16023	1.16052	300	0	0
2026.03.06	21:15:00	1.16053	1.16091	1.16034	1.16090	307	0	0
2026.03.06	21:20:00	1.16090	1.16090	1.16024	1.16039	396	0	0
2026.03.06	21:25:00	1.16039	1.16069	1.16008	1.16062	467	0	0
2026.03.06	21:30:00	1.16060	1.16081	1.16043	1.16054	346	0	0
2026.03.06	21:35:00	1.16054	1.16079	1.16021	1.16041	361	0	0
2026.03.06	21:40:00	1.16040	1.16082	1.16040	1.16046	433	0	0
2026.03.06	21:45:00	1.16045	1.16052	1.16009	1.16019	389	0	0
2026.03.06	21:50:00	1.16018	1.16078	1.16015	1.16074	291	0	0
2026.03.06	21:55:00	1.16075	1.16097	1.16008	1.16013	389	0	0
2026.03.06	22:00:00	1.16013	1.16060	1.16013	1.16045	506	0	0
2026.03.06	22:05:00	1.16049	1.16057	1.16029	1.16050	262	0	0
2026.03.06	22:10:00	1.16051	1.16056	1.16021	1.16054	333	0	0
2026.03.06	22:15:00	1.16054	1.16054	1.16012	1.16015	325	0	0
2026.03.06	22:20:00	1.16015	1.16021	1.15995	1.16000	302	0	0
2026.03.06	22:25:00	1.15999	1.16011	1.15972	1.15986	323	0	0
2026.03.06	22:30:00	1.15986	1.16004	1.15970	1.15970	352	0	0
2026.03.06	22:35:00	1.15970	1.16035	1.15958	1.16035	310	0	0
2026.03.06	22:40:00	1.16035	1.16071	1.16017	1.16026	379	0	0
2026.03.06	22:45:00	1.16027	1.16082	1.16023	1.16061	358	0	0
2026.03.06	22:50:00	1.16062	1.16099	1.16056	1.16099	456	0	0
2026.03.06	22:55:00	1.16096	1.16096	1.16058	1.16060	362	0	0
2026.03.06	23:00:00	1.16058	1.16120	1.16052	1.16120	421	0	0
2026.03.06	23:05:00	1.16120	1.16151	1.16109	1.16129	309	0	0
2026.03.06	23:10:00	1.16128	1.16173	1.16128	1.16171	394	0	0
2026.03.06	23:15:00	1.16170	1.16172	1.16149	1.16152	233	0	0
2026.03.06	23:20:00	1.16152	1.16178	1.16152	1.16178	350	0	0
2026.03.06	23:25:00	1.16178	1.16183	1.16160	1.16162	383	0	0
2026.03.06	23:30:00	1.16162	1.16162	1.16113	1.16119	194	0	0
2026.03.06	23:35:00	1.16120	1.16137	1.16117	1.16131	242	0	0
2026.03.06	23:40:00	1.16130	1.16131	1.16111	1.16113	255	0	0
2026.03.06	23:45:00	1.16107	1.16107	1.16071	1.16104	280	0	0
2026.03.06	23:50:00	1.16104	1.16138	1.16096	1.16132	354	0	0
2026.03.06	23:55:00	1.16133	1.16186	1.16128	1.16175	398	0	0
